,Unnamed: 0,LMPType,Facility ID,Temperature Req,Generator,Modules,Facility Demand,Profit,Annualized Capital Cost,Fixed Cost,Variable Cost,Fuel Cost,Start-Up Cost,Electric Wholesale Revenues,Industry,NGBE_Cost,Energy Breakeven Price [$/GJ]
5,0,SPP_2021_HubAVG.csv,1004453,180,iPWR,1,1.804971836,-44557333.8,-34345646.35,-8855000,-107923.2,-1210264.255,-38500,0,Iron and Steel Mills,681.484419,782.7843947
6,1,SPP_2021_HubAVG.csv,1004453,180,HTGR,1,1.804971836,-129888845.3,-99121276.32,-26896000,0,-3789568.992,-82000,0,Iron and Steel Mills,1986.591583,2281.8906
7,2,SPP_2021_HubAVG.csv,1004453,180,iMSR,1,1.804971836,-61277844.35,-46484735.72,-11985000,-123516,-2614092.624,-70500,0,Iron and Steel Mills,937.217122,1076.530757
8,3,SPP_2021_HubAVG.csv,1004453,180,Microreactor,1,1.804971836,-7660649.708,-5886288.708,-1771011,0,0,-3350,0,Iron and Steel Mills,117.1661985,134.5824926
9,4,SPP_2021_HubAVG.csv,1004453,180,PBR-HTGR,1,1.804971836,-41193082.69,-29455942.21,-8000000,0,-3697140.48,-40000,0,Iron and Steel Mills,630.0297084,723.681144
15,0,SPP_2021_HubAVG.csv,1007695,180,iPWR,1,4.725974983,-44557333.8,-34345646.35,-8855000,-107923.2,-1210264.255,-38500,0,Iron and Steel Mills,260.2764905,298.9655661
16,1,SPP_2021_HubAVG.csv,1007695,180,HTGR,1,4.725974983,-129888845.3,-99121276.32,-26896000,0,-3789568.992,-82000,0,Iron and Steel Mills,758.7306047,871.5129218
17,2,SPP_2021_HubAVG.csv,1007695,180,iMSR,1,4.725974983,-61277844.35,-46484735.72,-11985000,-123516,-2614092.624,-70500,0,Iron and Steel Mills,357.947411,411.1548843
18,3,SPP_2021_HubAVG.csv,1007695,180,Microreactor,1,4.725974983,-7660649.708,-5886288.708,-1771011,0,0,-3350,0,Iron and Steel Mills,44.74879557,51.40052784
19,4,SPP_2021_HubAVG.csv,1007695,180,PBR-HTGR,1,4.725974983,-41193082.69,-29455942.21,-8000000,0,-3697140.48,-40000,0,Iron and Steel Mills,240.6246084,276.392509
20,0,SPP_2021_HubAVG.csv,1006338,220,iPWR,1,1.160037056,-44557333.8,-34345646.35,-8855000,-107923.2,-1210264.255,-38500,0,Petrochemicals,1041.110226,1217.981597
21,1,SPP_2021_HubAVG.csv,1006338,220,HTGR,1,1.160037056,-129888845.3,-99121276.32,-26896000,0,-3789568.992,-82000,0,Petrochemicals,3034.934848,3550.531635
22,2,SPP_2021_HubAVG.csv,1006338,220,iMSR,1,1.160037056,-61277844.35,-46484735.72,-11985000,-123516,-2614092.624,-70500,0,Petrochemicals,1431.795508,1675.039333
23,3,SPP_2021_HubAVG.csv,1006338,220,Microreactor,1,1.160037056,-7660649.708,-5886288.708,-1771011,0,0,-3350,0,Petrochemicals,178.9959153,209.4050422
24,4,SPP_2021_HubAVG.csv,1006338,220,PBR-HTGR,1,1.160037056,-41193082.69,-29455942.21,-8000000,0,-3697140.48,-40000,0,Petrochemicals,962.5023755,1126.019273
30,0,SPP_2021_HubAVG.csv,1001920,220,iPWR,2,206.0293076,-91964863.37,-68691292.69,-17710000,-449198.8316,-5037371.848,-77000,0,Petroleum Refineries,12.09880023,14.15423234
31,1,SPP_2021_HubAVG.csv,1001920,220,HTGR,1,206.0293076,-137365687.2,-99121276.32,-26896000,0,-11266410.91,-82000,0,Petroleum Refineries,18.07168464,21.14183375
32,2,SPP_2021_HubAVG.csv,1001920,220,iMSR,1,206.0293076,-68035650.02,-46484735.72,-11985000,-428416.0936,-9066998.205,-70500,0,Petroleum Refineries,8.950698214,10.47130787
33,3,SPP_2021_HubAVG.csv,1001920,220,Microreactor,11,206.0293076,-84267146.79,-64749175.79,-19481121,0,0,-36850,0,Petroleum Refineries,11.08609677,12.96948346
34,4,SPP_2021_HubAVG.csv,1001920,220,PBR-HTGR,2,206.0293076,-84609552.26,-58911884.42,-16000000,0,-9617667.841,-80000,0,Petroleum Refineries,11.13114328,13.02218279
36,1,SPP_2021_HubAVG.csv,1001920,600,HTGR,2,424.0653356,-275387944.4,-198242552.6,-53792000,0,-23189391.75,-164000,0,Petroleum Refineries,14.50970577,20.59233259
40,0,SPP_2021_HubAVG.csv,1004291,220,iPWR,3,435.8212343,-141323380.1,-103036939,-26565000,-950206.51,-10655734.58,-115500,0,Petroleum Refineries,8.789314583,10.28250722
41,1,SPP_2021_HubAVG.csv,1004291,220,HTGR,2,435.8212343,-276030798.5,-198242552.6,-53792000,0,-23832245.85,-164000,0,Petroleum Refineries,17.16716314,20.08364557
42,2,SPP_2021_HubAVG.csv,1004291,220,iMSR,2,435.8212343,-137166464.2,-92969471.45,-23970000,-906244.0333,-19179748.72,-141000,0,Petroleum Refineries,8.530783816,9.980055363
44,4,SPP_2021_HubAVG.csv,1004291,220,PBR-HTGR,3,435.8212343,-132832426.7,-88367826.63,-24000000,0,-20344600.09,-120000,0,Petroleum Refineries,8.261237342,9.664716376
46,1,SPP_2021_HubAVG.csv,1004291,600,HTGR,1,40.27261461,-130215449,-99121276.32,-26896000,0,-4116172.675,-82000,0,Petroleum Refineries,72.24356043,102.5288485
50,0,SPP_2021_HubAVG.csv,1004381,220,iPWR,1,52.78971914,-44644939.19,-34345646.35,-8855000,-115095.665,-1290697.174,-38500,0,Petroleum Refineries,22.92304269,26.81737577
51,1,SPP_2021_HubAVG.csv,1004381,220,HTGR,1,52.78971914,-130899931.7,-99121276.32,-26896000,0,-4800655.343,-82000,0,Petroleum Refineries,67.21085921,78.62912838
52,2,SPP_2021_HubAVG.csv,1004381,220,iMSR,1,52.78971914,-62355828.85,-46484735.72,-11985000,-172152.7308,-3643440.395,-70500,0,Petroleum Refineries,32.01673813,37.45597427
53,3,SPP_2021_HubAVG.csv,1004381,220,Microreactor,3,52.78971914,-22981949.13,-17658866.13,-5313033,0,0,-10050,0,Petroleum Refineries,11.80013257,13.80482484
54,4,SPP_2021_HubAVG.csv,1004381,220,PBR-HTGR,1,52.78971914,-41193082.69,-29455942.21,-8000000,0,-3697140.48,-40000,0,Petroleum Refineries,21.15067935,24.74391045
56,1,SPP_2021_HubAVG.csv,1004381,600,HTGR,1,306.3682451,-142852575.1,-99121276.32,-26896000,0,-16753298.74,-82000,0,Petroleum Refineries,10.41815415,14.78555794
60,0,SPP_2021_HubAVG.csv,1002026,220,iPWR,2,177.3155147,-91200213.65,-68691292.69,-17710000,-386595.1062,-4335325.846,-77000,0,Petroleum Refineries,13.94114671,16.30957002
61,1,SPP_2021_HubAVG.csv,1002026,220,HTGR,1,177.3155147,-135795515.5,-99121276.32,-26896000,0,-9696239.207,-82000,0,Petroleum Refineries,20.75812247,24.28466317
62,2,SPP_2021_HubAVG.csv,1002026,220,iMSR,1,177.3155147,-66712297.72,-46484735.72,-11985000,-368708.8067,-7803353.185,-70500,0,Petroleum Refineries,10.19784815,11.9303327
63,4,SPP_2021_HubAVG.csv,1002026,220,PBR-HTGR,1,177.3155147,-45773219.58,-29455942.21,-8000000,0,-8277277.364,-40000,0,Petroleum Refineries,6.997035906,8.185743213
65,1,SPP_2021_HubAVG.csv,1002026,600,HTGR,1,106.686388,-131933265.2,-99121276.32,-26896000,0,-5833988.861,-82000,0,Petroleum Refineries,27.6306915,39.21377858
69,0,SPP_2021_HubAVG.csv,1002310,220,iPWR,2,251.8639387,-93262441.88,-68691292.69,-17710000,-549130.5502,-6158018.631,-154000,0,Petroleum Refineries,10.03668214,11.74178664
70,1,SPP_2021_HubAVG.csv,1002310,220,HTGR,1,251.8639387,-139872086.9,-99121276.32,-26896000,0,-13772810.58,-82000,0,Petroleum Refineries,15.05270127,17.60996355
71,2,SPP_2021_HubAVG.csv,1002310,220,iMSR,2,251.8639387,-128688297.9,-92969471.45,-23970000,-523724.3478,-11084102.1,-141000,0,Petroleum Refineries,13.8491285,16.20191909
73,4,SPP_2021_HubAVG.csv,1002310,220,PBR-HTGR,2,251.8639387,-86749161.74,-58911884.42,-16000000,0,-11757277.32,-80000,0,Petroleum Refineries,9.33573843,10.92176152
75,1,SPP_2021_HubAVG.csv,1002310,600,HTGR,1,29.2222463,-129888845.3,-99121276.32,-26896000,0,-3789568.992,-82000,0,Petroleum Refineries,99.31268279,140.945642
79,0,SPP_2021_HubAVG.csv,1002028,220,iPWR,2,278.3834499,-93891657.77,-68691292.69,-17710000,-606950.1563,-6806414.921,-77000,0,Petroleum Refineries,9.141826476,10.69490639
80,1,SPP_2021_HubAVG.csv,1002028,220,HTGR,1,278.3834499,-141322267.5,-99121276.32,-26896000,0,-15222991.2,-82000,0,Petroleum Refineries,13.75994074,16.09757947
81,2,SPP_2021_HubAVG.csv,1002028,220,iMSR,2,278.3834499,-129910520.8,-92969471.45,-23970000,-578868.8585,-12251180.52,-141000,0,Petroleum Refineries,12.6488281,14.79770293
83,4,SPP_2021_HubAVG.csv,1002028,220,PBR-HTGR,2,278.3834499,-87987120.8,-58911884.42,-16000000,0,-12995236.38,-80000,0,Petroleum Refineries,8.566927133,10.02233897
85,1,SPP_2021_HubAVG.csv,1002028,600,HTGR,1,62.87638018,-131451512,-99121276.32,-26896000,0,-5352235.701,-82000,0,Petroleum Refineries,46.71157485,66.29357622
90,1,SPP_2021_HubAVG.csv,1007786,600,HTGR,1,14.45957922,-129888845.3,-99121276.32,-26896000,0,-3789568.992,-82000,0,Petroleum Refineries,200.707063,284.8456516
94,0,SPP_2021_HubAVG.csv,1001069,150,iPWR,1,10.32701654,-44557333.8,-34345646.35,-8855000,-107923.2,-1210264.255,-38500,0,Paperboard Mills,120.7328839,136.8162606
95,1,SPP_2021_HubAVG.csv,1001069,150,HTGR,1,10.32701654,-129888845.3,-99121276.32,-26896000,0,-3789568.992,-82000,0,Paperboard Mills,351.9477837,398.8323491
96,2,SPP_2021_HubAVG.csv,1001069,150,iMSR,1,10.32701654,-61277844.35,-46484735.72,-11985000,-123516,-2614092.624,-70500,0,Paperboard Mills,166.0389039,188.1577017
97,3,SPP_2021_HubAVG.csv,1001069,150,Microreactor,1,10.32701654,-7660649.708,-5886288.708,-1771011,0,0,-3350,0,Paperboard Mills,20.75735357,23.52253507
98,4,SPP_2021_HubAVG.csv,1001069,150,PBR-HTGR,1,10.32701654,-41193082.69,-29455942.21,-8000000,0,-3697140.48,-40000,0,Paperboard Mills,111.617084,126.4861035
99,0,SPP_2021_HubAVG.csv,1001069,275,iPWR,1,1.174518012,-44557333.8,-34345646.35,-8855000,-107923.2,-1210264.255,-38500,0,Paperboard Mills,1002.128138,1202.964767
100,1,SPP_2021_HubAVG.csv,1001069,275,HTGR,1,1.174518012,-129888845.3,-99121276.32,-26896000,0,-3789568.992,-82000,0,Paperboard Mills,2921.298371,3506.756155
101,2,SPP_2021_HubAVG.csv,1001069,275,iMSR,1,1.174518012,-61277844.35,-46484735.72,-11985000,-123516,-2614092.624,-70500,0,Paperboard Mills,1378.185066,1654.387313
102,3,SPP_2021_HubAVG.csv,1001069,275,Microreactor,1,1.174518012,-7660649.708,-5886288.708,-1771011,0,0,-3350,0,Paperboard Mills,172.293806,206.8232299
103,4,SPP_2021_HubAVG.csv,1001069,275,PBR-HTGR,1,1.174518012,-41193082.69,-29455942.21,-8000000,0,-3697140.48,-40000,0,Paperboard Mills,926.4635858,1112.136272
104,0,SPP_2021_HubAVG.csv,1001069,200,iPWR,1,2.749953229,-44557333.8,-34345646.35,-8855000,-107923.2,-1210264.255,-38500,0,Paperboard Mills,443.2414704,513.7919335
105,1,SPP_2021_HubAVG.csv,1001069,200,HTGR,1,2.749953229,-129888845.3,-99121276.32,-26896000,0,-3789568.992,-82000,0,Paperboard Mills,1292.090838,1497.752116
106,2,SPP_2021_HubAVG.csv,1001069,200,iMSR,1,2.749953229,-61277844.35,-46484735.72,-11985000,-123516,-2614092.624,-70500,0,Paperboard Mills,609.571523,706.5966349
107,3,SPP_2021_HubAVG.csv,1001069,200,Microreactor,1,2.749953229,-7660649.708,-5886288.708,-1771011,0,0,-3350,0,Paperboard Mills,76.20558393,88.33517828
108,4,SPP_2021_HubAVG.csv,1001069,200,PBR-HTGR,1,2.749953229,-41193082.69,-29455942.21,-8000000,0,-3697140.48,-40000,0,Paperboard Mills,409.7750243,474.9986544
110,1,SPP_2021_HubAVG.csv,1001069,505,HTGR,1,12.73900305,-129888845.3,-99121276.32,-26896000,0,-3789568.992,-82000,0,Paperboard Mills,239.9531556,323.3179434
111,2,SPP_2021_HubAVG.csv,1001069,505,iMSR,1,12.73900305,-61277844.35,-46484735.72,-11985000,-123516,-2614092.624,-70500,0,Paperboard Mills,113.2030397,152.5321636
112,3,SPP_2021_HubAVG.csv,1001069,505,Microreactor,1,12.73900305,-7660649.708,-5886288.708,-1771011,0,0,-3350,0,Paperboard Mills,14.15207801,19.06880843
113,4,SPP_2021_HubAVG.csv,1001069,505,PBR-HTGR,1,12.73900305,-41193082.69,-29455942.21,-8000000,0,-3697140.48,-40000,0,Paperboard Mills,76.09899184,102.5373868
115,1,SPP_2021_HubAVG.csv,1001069,800,HTGR,1,12.24313274,-129888845.3,-99121276.32,-26896000,0,-3789568.992,-82000,0,Paperboard Mills,210.4538833,336.4129387
119,0,SPP_2021_HubAVG.csv,1004961,150,iPWR,1,4.53690701,-44557333.8,-34345646.35,-8855000,-107923.2,-1210264.255,-38500,0,Paperboard Mills,274.8150857,311.4244535
120,1,SPP_2021_HubAVG.csv,1004961,150,HTGR,1,4.53690701,-129888845.3,-99121276.32,-26896000,0,-3789568.992,-82000,0,Paperboard Mills,801.1119856,907.8317577
121,2,SPP_2021_HubAVG.csv,1004961,150,iMSR,1,4.53690701,-61277844.35,-46484735.72,-11985000,-123516,-2614092.624,-70500,0,Paperboard Mills,377.9417351,428.2890729
122,3,SPP_2021_HubAVG.csv,1004961,150,Microreactor,1,4.53690701,-7660649.708,-5886288.708,-1771011,0,0,-3350,0,Paperboard Mills,47.24838599,53.54255843
123,4,SPP_2021_HubAVG.csv,1004961,150,PBR-HTGR,1,4.53690701,-41193082.69,-29455942.21,-8000000,0,-3697140.48,-40000,0,Paperboard Mills,254.0654834,287.9107022
124,0,SPP_2021_HubAVG.csv,1004961,275,iPWR,1,0.515994041,-44557333.8,-34345646.35,-8855000,-107923.2,-1210264.255,-38500,0,Paperboard Mills,2281.0681,2738.217253
125,1,SPP_2021_HubAVG.csv,1004961,275,HTGR,1,0.515994041,-129888845.3,-99121276.32,-26896000,0,-3789568.992,-82000,0,Paperboard Mills,6649.529412,7982.162459
126,2,SPP_2021_HubAVG.csv,1004961,275,iMSR,1,0.515994041,-61277844.35,-46484735.72,-11985000,-123516,-2614092.624,-70500,0,Paperboard Mills,3137.0579,3765.756078
127,3,SPP_2021_HubAVG.csv,1004961,275,Microreactor,1,0.515994041,-7660649.708,-5886288.708,-1771011,0,0,-3350,0,Paperboard Mills,392.1792932,470.7759959
128,4,SPP_2021_HubAVG.csv,1004961,275,PBR-HTGR,1,0.515994041,-41193082.69,-29455942.21,-8000000,0,-3697140.48,-40000,0,Paperboard Mills,2108.838632,2531.471255
129,0,SPP_2021_HubAVG.csv,1004961,200,iPWR,1,1.208120664,-44557333.8,-34345646.35,-8855000,-107923.2,-1210264.255,-38500,0,Paperboard Mills,1008.916864,1169.50552
130,1,SPP_2021_HubAVG.csv,1004961,200,HTGR,1,1.208120664,-129888845.3,-99121276.32,-26896000,0,-3789568.992,-82000,0,Paperboard Mills,2941.088152,3409.219284
131,2,SPP_2021_HubAVG.csv,1004961,200,iMSR,1,1.208120664,-61277844.35,-46484735.72,-11985000,-123516,-2614092.624,-70500,0,Paperboard Mills,1387.521319,1608.372206
132,3,SPP_2021_HubAVG.csv,1004961,200,Microreactor,1,1.208120664,-7660649.708,-5886288.708,-1771011,0,0,-3350,0,Paperboard Mills,173.4609777,201.0706512
133,4,SPP_2021_HubAVG.csv,1004961,200,PBR-HTGR,1,1.208120664,-41193082.69,-29455942.21,-8000000,0,-3697140.48,-40000,0,Paperboard Mills,932.7397373,1081.203328
135,1,SPP_2021_HubAVG.csv,1004961,505,HTGR,1,5.596550758,-129888845.3,-99121276.32,-26896000,0,-3789568.992,-82000,0,Paperboard Mills,546.1871271,735.9440563
136,2,SPP_2021_HubAVG.csv,1004961,505,iMSR,1,5.596550758,-61277844.35,-46484735.72,-11985000,-123516,-2614092.624,-70500,0,Paperboard Mills,257.6754738,347.1973688
138,4,SPP_2021_HubAVG.csv,1004961,505,PBR-HTGR,1,5.596550758,-41193082.69,-29455942.21,-8000000,0,-3697140.48,-40000,0,Paperboard Mills,173.2183502,233.3980589
140,1,SPP_2021_HubAVG.csv,1004961,800,HTGR,1,4.199556917,-129888845.3,-99121276.32,-26896000,0,-3789568.992,-82000,0,Paperboard Mills,613.5444479,980.7578149
145,1,SPP_2021_HubAVG.csv,1001913,800,HTGR,1,19.85325913,-129888845.3,-99121276.32,-26896000,0,-3789568.992,-82000,0,"Paper Mills, except Newsprint",129.7829648,207.4595531
149,0,SPP_2021_HubAVG.csv,1001913,275,iPWR,1,1.497960134,-44557333.8,-34345646.35,-8855000,-107923.2,-1210264.255,-38500,0,"Paper Mills, except Newsprint",785.7469107,943.2185504
150,1,SPP_2021_HubAVG.csv,1001913,275,HTGR,1,1.497960134,-129888845.3,-99121276.32,-26896000,0,-3789568.992,-82000,0,"Paper Mills, except Newsprint",2290.526614,2749.571348
151,2,SPP_2021_HubAVG.csv,1001913,275,iMSR,1,1.497960134,-61277844.35,-46484735.72,-11985000,-123516,-2614092.624,-70500,0,"Paper Mills, except Newsprint",1080.604982,1297.169166
153,4,SPP_2021_HubAVG.csv,1001913,275,PBR-HTGR,1,1.497960134,-41193082.69,-29455942.21,-8000000,0,-3697140.48,-40000,0,"Paper Mills, except Newsprint",726.4199786,872.0019002
154,0,SPP_2021_HubAVG.csv,1001913,200,iPWR,1,3.507243199,-44557333.8,-34345646.35,-8855000,-107923.2,-1210264.255,-38500,0,"Paper Mills, except Newsprint",347.5360114,402.8530975
155,1,SPP_2021_HubAVG.csv,1001913,200,HTGR,1,3.507243199,-129888845.3,-99121276.32,-26896000,0,-3789568.992,-82000,0,"Paper Mills, except Newsprint",1013.100367,1174.354908
156,2,SPP_2021_HubAVG.csv,1001913,200,iMSR,1,3.507243199,-61277844.35,-46484735.72,-11985000,-123516,-2614092.624,-70500,0,"Paper Mills, except Newsprint",477.9517937,554.0270769
157,3,SPP_2021_HubAVG.csv,1001913,200,Microreactor,1,3.507243199,-7660649.708,-5886288.708,-1771011,0,0,-3350,0,"Paper Mills, except Newsprint",59.75114347,69.26169499
158,4,SPP_2021_HubAVG.csv,1001913,200,PBR-HTGR,1,3.507243199,-41193082.69,-29455942.21,-8000000,0,-3697140.48,-40000,0,"Paper Mills, except Newsprint",321.2956978,372.4361298
159,0,SPP_2021_HubAVG.csv,1006203,233,iPWR,1,21.87202411,-44557333.8,-34345646.35,-8855000,-107923.2,-1210264.255,-38500,0,Ethyl Alcohol,54.88600278,64.59867542
160,1,SPP_2021_HubAVG.csv,1006203,233,HTGR,1,21.87202411,-129888845.3,-99121276.32,-26896000,0,-3789568.992,-82000,0,Ethyl Alcohol,159.997893,188.311253
161,2,SPP_2021_HubAVG.csv,1006203,233,iMSR,1,21.87202411,-61277844.35,-46484735.72,-11985000,-123516,-2614092.624,-70500,0,Ethyl Alcohol,75.48243236,88.8398663
162,3,SPP_2021_HubAVG.csv,1006203,233,Microreactor,2,21.87202411,-15324649.42,-11772577.42,-3542022,0,0,-10050,0,Ethyl Alcohol,18.87699911,22.21748855
163,4,SPP_2021_HubAVG.csv,1006203,233,PBR-HTGR,1,21.87202411,-41193082.69,-29455942.21,-8000000,0,-3697140.48,-40000,0,Ethyl Alcohol,50.74189719,59.72122547
165,1,SPP_2021_HubAVG.csv,1005386,450,HTGR,1,72.21502682,-130386481.7,-99121276.32,-26896000,0,-4287205.396,-82000,0,Ethyl Alcohol,43.73518427,57.25301775
166,2,SPP_2021_HubAVG.csv,1005386,450,iMSR,1,72.21502682,-61906044.55,-46484735.72,-11985000,-151859.2686,-3213949.561,-70500,0,Ethyl Alcohol,20.76497679,27.18309307
167,3,SPP_2021_HubAVG.csv,1005386,450,Microreactor,4,72.21502682,-30655998.83,-23545154.83,-7084044,0,0,-26800,0,Ethyl Alcohol,10.28285862,13.46112283
168,4,SPP_2021_HubAVG.csv,1005386,450,PBR-HTGR,1,72.21502682,-41801941.42,-29455942.21,-8000000,0,-4305999.209,-40000,0,Ethyl Alcohol,14.02151195,18.35533303
169,0,SPP_2021_HubAVG.csv,1005386,233,iPWR,1,32.78473611,-44777984.89,-34345646.35,-8855000,-125988.4392,-1412850.106,-38500,0,Ethyl Alcohol,36.79800181,43.30980678
170,1,SPP_2021_HubAVG.csv,1005386,233,HTGR,1,32.78473611,-129893109,-99121276.32,-26896000,0,-3793832.722,-82000,0,Ethyl Alcohol,106.7445726,125.6341809
171,2,SPP_2021_HubAVG.csv,1005386,233,iMSR,1,32.78473611,-61442688.55,-46484735.72,-11985000,-130953.4751,-2771499.347,-70500,0,Ethyl Alcohol,50.492852,59.42810904
172,3,SPP_2021_HubAVG.csv,1005386,233,Microreactor,2,32.78473611,-15321299.42,-11772577.42,-3542022,0,0,-6700,0,Ethyl Alcohol,12.59085698,14.81894549
173,4,SPP_2021_HubAVG.csv,1005386,233,PBR-HTGR,1,32.78473611,-41193082.69,-29455942.21,-8000000,0,-3697140.48,-40000,0,Ethyl Alcohol,33.85197291,39.84244615
175,1,SPP_2021_HubAVG.csv,1002703,450,HTGR,1,57.44044978,-131154320.2,-99121276.32,-26896000,0,-5055043.865,-82000,0,Ethyl Alcohol,55.30835473,72.4032668
176,2,SPP_2021_HubAVG.csv,1002703,450,iMSR,1,57.44044978,-62154830.36,-46484735.72,-11985000,-163084.0386,-3451510.593,-70500,0,Ethyl Alcohol,26.21096584,34.31234868
177,3,SPP_2021_HubAVG.csv,1002703,450,Microreactor,4,57.44044978,-30689498.83,-23545154.83,-7084044,0,0,-60300,0,Ethyl Alcohol,12.94189689,16.94202653
178,4,SPP_2021_HubAVG.csv,1002703,450,PBR-HTGR,1,57.44044978,-41208941.42,-29455942.21,-8000000,0,-3712999.206,-40000,0,Ethyl Alcohol,17.37799218,22.74924666
179,0,SPP_2021_HubAVG.csv,1002703,233,iPWR,1,26.07725941,-44606086.6,-34345646.35,-8855000,-111914.7094,-1255025.541,-38500,0,Ethyl Alcohol,46.085421,54.24073538
180,1,SPP_2021_HubAVG.csv,1002703,233,HTGR,1,26.07725941,-129888845.3,-99121276.32,-26896000,0,-3789568.992,-82000,0,Ethyl Alcohol,134.1965318,157.9440616
181,2,SPP_2021_HubAVG.csv,1002703,233,iMSR,1,26.07725941,-61277844.35,-46484735.72,-11985000,-123516,-2614092.624,-70500,0,Ethyl Alcohol,63.3100877,74.51349342
182,3,SPP_2021_HubAVG.csv,1002703,233,Microreactor,2,26.07725941,-15321299.42,-11772577.42,-3542022,0,0,-6700,0,Ethyl Alcohol,15.82942122,18.63060875
183,4,SPP_2021_HubAVG.csv,1002703,233,PBR-HTGR,1,26.07725941,-41193082.69,-29455942.21,-8000000,0,-3697140.48,-40000,0,Ethyl Alcohol,42.55922684,50.09054298
185,1,SPP_2021_HubAVG.csv,1011661,450,HTGR,1,14.60764163,-129888845.3,-99121276.32,-26896000,0,-3789568.992,-82000,0,Ethyl Alcohol,215.3861242,281.9584688
186,2,SPP_2021_HubAVG.csv,1011661,450,iMSR,1,14.60764163,-61277844.35,-46484735.72,-11985000,-123516,-2614092.624,-70500,0,Ethyl Alcohol,101.6130166,133.0199458
187,3,SPP_2021_HubAVG.csv,1011661,450,Microreactor,1,14.60764163,-7660649.708,-5886288.708,-1771011,0,0,-3350,0,Ethyl Alcohol,12.70315126,16.62948852
188,4,SPP_2021_HubAVG.csv,1011661,450,PBR-HTGR,1,14.60764163,-41193082.69,-29455942.21,-8000000,0,-3697140.48,-40000,0,Ethyl Alcohol,68.3077781,89.42060031
189,0,SPP_2021_HubAVG.csv,1011661,233,iPWR,1,5.2963566,-44557333.8,-34345646.35,-8855000,-107923.2,-1210264.255,-38500,0,Ethyl Alcohol,226.6592049,266.7690061
190,1,SPP_2021_HubAVG.csv,1011661,233,HTGR,1,5.2963566,-129888845.3,-99121276.32,-26896000,0,-3789568.992,-82000,0,Ethyl Alcohol,660.7330352,777.656902
191,2,SPP_2021_HubAVG.csv,1011661,233,iMSR,1,5.2963566,-61277844.35,-46484735.72,-11985000,-123516,-2614092.624,-70500,0,Ethyl Alcohol,311.714959,366.8762971
193,4,SPP_2021_HubAVG.csv,1011661,233,PBR-HTGR,1,5.2963566,-41193082.69,-29455942.21,-8000000,0,-3697140.48,-40000,0,Ethyl Alcohol,209.5455579,246.6269139
195,1,SPP_2021_HubAVG.csv,1007063,450,HTGR,1,37.91054993,-130099785.9,-99121276.32,-26896000,0,-4000509.541,-82000,0,Ethyl Alcohol,83.12706908,108.8202929
196,2,SPP_2021_HubAVG.csv,1007063,450,iMSR,1,37.91054993,-61670108.01,-46484735.72,-11985000,-141214.2344,-2988658.057,-70500,0,Ethyl Alcohol,39.40402588,51.58316881
197,3,SPP_2021_HubAVG.csv,1007063,450,Microreactor,3,37.91054993,-23038899.13,-17658866.13,-5313033,0,0,-67000,0,Ethyl Alcohol,14.72067111,19.27059091
198,4,SPP_2021_HubAVG.csv,1007063,450,PBR-HTGR,1,37.91054993,-41193082.69,-29455942.21,-8000000,0,-3697140.48,-40000,0,Ethyl Alcohol,26.32026031,34.4554243
199,0,SPP_2021_HubAVG.csv,1007063,233,iPWR,1,17.21092451,-44557333.8,-34345646.35,-8855000,-107923.2,-1210264.255,-38500,0,Ethyl Alcohol,69.75034813,82.09342768
200,1,SPP_2021_HubAVG.csv,1007063,233,HTGR,1,17.21092451,-129888845.3,-99121276.32,-26896000,0,-3789568.992,-82000,0,Ethyl Alcohol,203.3288666,239.3101117
201,2,SPP_2021_HubAVG.csv,1007063,233,iMSR,1,17.21092451,-61277844.35,-46484735.72,-11985000,-123516,-2614092.624,-70500,0,Ethyl Alcohol,95.92474709,112.89967
202,3,SPP_2021_HubAVG.csv,1007063,233,Microreactor,1,17.21092451,-7660649.708,-5886288.708,-1771011,0,0,-3350,0,Ethyl Alcohol,11.99203225,14.11415224
203,4,SPP_2021_HubAVG.csv,1007063,233,PBR-HTGR,1,17.21092451,-41193082.69,-29455942.21,-8000000,0,-3697140.48,-40000,0,Ethyl Alcohol,64.48392696,75.89505624
205,1,SPP_2021_HubAVG.csv,1003150,450,HTGR,1,73.72397178,-130342276.3,-99121276.32,-26896000,0,-4243000.019,-82000,0,Ethyl Alcohol,42.82551044,56.06217855
206,2,SPP_2021_HubAVG.csv,1003150,450,iMSR,1,73.72397178,-61944947.8,-46484735.72,-11985000,-153614.5134,-3251097.562,-70500,0,Ethyl Alcohol,20.35275187,26.64345615
207,3,SPP_2021_HubAVG.csv,1003150,450,Microreactor,4,73.72397178,-30642598.83,-23545154.83,-7084044,0,0,-13400,0,Ethyl Alcohol,10.06799155,13.17984383
208,4,SPP_2021_HubAVG.csv,1003150,450,PBR-HTGR,1,73.72397178,-41871583.86,-29455942.21,-8000000,0,-4375641.647,-40000,0,Ethyl Alcohol,13.75740859,18.00959962
209,0,SPP_2021_HubAVG.csv,1003150,233,iPWR,1,33.46977858,-44796229.14,-34345646.35,-8855000,-127482.1401,-1429600.654,-38500,0,Ethyl Alcohol,36.05952499,42.44064849
210,1,SPP_2021_HubAVG.csv,1003150,233,HTGR,1,33.46977858,-129903564.1,-99121276.32,-26896000,0,-3804287.814,-82000,0,Ethyl Alcohol,104.5681948,123.0726695
211,2,SPP_2021_HubAVG.csv,1003150,233,iMSR,1,33.46977858,-61472121.94,-46484735.72,-11985000,-132281.4573,-2799604.762,-70500,0,Ethyl Alcohol,49.48308283,58.23965028
212,3,SPP_2021_HubAVG.csv,1003150,233,Microreactor,2,33.46977858,-15321299.42,-11772577.42,-3542022,0,0,-6700,0,Ethyl Alcohol,12.3331537,14.51563882
213,4,SPP_2021_HubAVG.csv,1003150,233,PBR-HTGR,1,33.46977858,-41193082.69,-29455942.21,-8000000,0,-3697140.48,-40000,0,Ethyl Alcohol,33.15910788,39.02697115
215,1,SPP_2021_HubAVG.csv,1004091,450,HTGR,1,23.41753806,-129888845.3,-99121276.32,-26896000,0,-3789568.992,-82000,0,Ethyl Alcohol,134.3558535,175.8830606
216,2,SPP_2021_HubAVG.csv,1004091,450,iMSR,1,23.41753806,-61277844.35,-46484735.72,-11985000,-123516,-2614092.624,-70500,0,Ethyl Alcohol,63.38525113,82.97660039
217,3,SPP_2021_HubAVG.csv,1004091,450,Microreactor,2,23.41753806,-15324649.42,-11772577.42,-3542022,0,0,-10050,0,Ethyl Alcohol,15.85167954,20.75117564
218,4,SPP_2021_HubAVG.csv,1004091,450,PBR-HTGR,1,23.41753806,-41193082.69,-29455942.21,-8000000,0,-3697140.48,-40000,0,Ethyl Alcohol,42.60975429,55.77973569
219,0,SPP_2021_HubAVG.csv,1004091,233,iPWR,1,10.63127495,-44557333.8,-34345646.35,-8855000,-107923.2,-1210264.255,-38500,0,Ethyl Alcohol,112.9185335,132.900691
220,1,SPP_2021_HubAVG.csv,1004091,233,HTGR,1,10.63127495,-129888845.3,-99121276.32,-26896000,0,-3789568.992,-82000,0,Ethyl Alcohol,329.1682126,387.418093
221,2,SPP_2021_HubAVG.csv,1004091,233,iMSR,1,10.63127495,-61277844.35,-46484735.72,-11985000,-123516,-2614092.624,-70500,0,Ethyl Alcohol,155.2921535,182.7727819
222,3,SPP_2021_HubAVG.csv,1004091,233,Microreactor,1,10.63127495,-7660649.708,-5886288.708,-1771011,0,0,-3350,0,Ethyl Alcohol,19.41384856,22.84933933
223,4,SPP_2021_HubAVG.csv,1004091,233,PBR-HTGR,1,10.63127495,-41193082.69,-29455942.21,-8000000,0,-3697140.48,-40000,0,Ethyl Alcohol,104.3927473,122.8661746
225,1,SPP_2021_HubAVG.csv,1010658,450,HTGR,1,57.48944098,-131156999.4,-99121276.32,-26896000,0,-5057723.102,-82000,0,Ethyl Alcohol,55.26235109,72.34304418
226,2,SPP_2021_HubAVG.csv,1010658,450,iMSR,1,57.48944098,-62094901.63,-46484735.72,-11985000,-160380.1616,-3394285.74,-70500,0,Ethyl Alcohol,26.16337877,34.25005323
227,3,SPP_2021_HubAVG.csv,1010658,450,Microreactor,4,57.48944098,-30672748.83,-23545154.83,-7084044,0,0,-43550,0,Ethyl Alcohol,12.92381057,16.91835002
228,4,SPP_2021_HubAVG.csv,1010658,450,PBR-HTGR,1,57.48944098,-41209791.2,-29455942.21,-8000000,0,-3713848.989,-40000,0,Ethyl Alcohol,17.3635411,22.73032898
229,0,SPP_2021_HubAVG.csv,1010658,233,iPWR,1,26.09950081,-44606623.34,-34345646.35,-8855000,-111958.6537,-1255518.337,-38500,0,Ethyl Alcohol,46.04670213,54.19516479
230,1,SPP_2021_HubAVG.csv,1010658,233,HTGR,1,26.09950081,-129888845.3,-99121276.32,-26896000,0,-3789568.992,-82000,0,Ethyl Alcohol,134.0821726,157.8094653
231,2,SPP_2021_HubAVG.csv,1010658,233,iMSR,1,26.09950081,-61277844.35,-46484735.72,-11985000,-123516,-2614092.624,-70500,0,Ethyl Alcohol,63.2561363,74.44999473
232,3,SPP_2021_HubAVG.csv,1010658,233,Microreactor,2,26.09950081,-15321299.42,-11772577.42,-3542022,0,0,-6700,0,Ethyl Alcohol,15.81593175,18.61473217
233,4,SPP_2021_HubAVG.csv,1010658,233,PBR-HTGR,1,26.09950081,-41193082.69,-29455942.21,-8000000,0,-3697140.48,-40000,0,Ethyl Alcohol,42.52295885,50.04785697
235,1,SPP_2021_HubAVG.csv,1006694,450,HTGR,1,37.91013719,-130099764.8,-99121276.32,-26896000,0,-4000488.5,-82000,0,Ethyl Alcohol,83.12796066,108.82146
236,2,SPP_2021_HubAVG.csv,1006694,450,iMSR,1,37.91013719,-61670089.01,-46484735.72,-11985000,-141213.377,-2988639.912,-70500,0,Ethyl Alcohol,39.40444274,51.58371452
237,3,SPP_2021_HubAVG.csv,1006694,450,Microreactor,3,37.91013719,-23038899.13,-17658866.13,-5313033,0,0,-67000,0,Ethyl Alcohol,14.72083138,19.27080071
238,4,SPP_2021_HubAVG.csv,1006694,450,PBR-HTGR,1,37.91013719,-41193082.69,-29455942.21,-8000000,0,-3697140.48,-40000,0,Ethyl Alcohol,26.32054687,34.45579943
239,0,SPP_2021_HubAVG.csv,1006694,233,iPWR,1,17.21073713,-44557333.8,-34345646.35,-8855000,-107923.2,-1210264.255,-38500,0,Ethyl Alcohol,69.75110751,82.09432143
240,1,SPP_2021_HubAVG.csv,1006694,233,HTGR,1,17.21073713,-129888845.3,-99121276.32,-26896000,0,-3789568.992,-82000,0,Ethyl Alcohol,203.3310802,239.3127171
241,2,SPP_2021_HubAVG.csv,1006694,233,iMSR,1,17.21073713,-61277844.35,-46484735.72,-11985000,-123516,-2614092.624,-70500,0,Ethyl Alcohol,95.92579142,112.9008992
242,3,SPP_2021_HubAVG.csv,1006694,233,Microreactor,1,17.21073713,-7660649.708,-5886288.708,-1771011,0,0,-3350,0,Ethyl Alcohol,11.99216281,14.1143059
243,4,SPP_2021_HubAVG.csv,1006694,233,PBR-HTGR,1,17.21073713,-41193082.69,-29455942.21,-8000000,0,-3697140.48,-40000,0,Ethyl Alcohol,64.484629,75.89588251
245,1,SPP_2021_HubAVG.csv,1004713,450,HTGR,1,42.29693241,-130326609.4,-99121276.32,-26896000,0,-4227333.09,-82000,0,Ethyl Alcohol,74.63631628,97.70518662
246,2,SPP_2021_HubAVG.csv,1004713,450,iMSR,1,42.29693241,-61872265.19,-46484735.72,-11985000,-150335.204,-3181694.257,-70500,0,Ethyl Alcohol,35.43342357,46.38531796
247,3,SPP_2021_HubAVG.csv,1004713,450,Microreactor,3,42.29693241,-22985299.13,-17658866.13,-5313033,0,0,-13400,0,Ethyl Alcohol,13.16337518,17.23196016
248,4,SPP_2021_HubAVG.csv,1004713,450,PBR-HTGR,1,42.29693241,-41193082.69,-29455942.21,-8000000,0,-3697140.48,-40000,0,Ethyl Alcohol,23.59073072,30.88224155
249,0,SPP_2021_HubAVG.csv,1004713,233,iPWR,1,19.20228833,-44557333.8,-34345646.35,-8855000,-107923.2,-1210264.255,-38500,0,Ethyl Alcohol,62.51692273,73.57996931
250,1,SPP_2021_HubAVG.csv,1004713,233,HTGR,1,19.20228833,-129888845.3,-99121276.32,-26896000,0,-3789568.992,-82000,0,Ethyl Alcohol,182.2427469,214.4925748
251,2,SPP_2021_HubAVG.csv,1004713,233,iMSR,1,19.20228833,-61277844.35,-46484735.72,-11985000,-123516,-2614092.624,-70500,0,Ethyl Alcohol,85.97691858,101.1914655
252,3,SPP_2021_HubAVG.csv,1004713,233,Microreactor,2,19.20228833,-15324649.42,-11772577.42,-3542022,0,0,-10050,0,Ethyl Alcohol,21.50150922,25.30643415
253,4,SPP_2021_HubAVG.csv,1004713,233,PBR-HTGR,1,19.20228833,-41193082.69,-29455942.21,-8000000,0,-3697140.48,-40000,0,Ethyl Alcohol,57.79665316,68.02439692
255,1,SPP_2021_HubAVG.csv,1002865,450,HTGR,1,57.39261425,-131151704.1,-99121276.32,-26896000,0,-5052427.829,-82000,0,Ethyl Alcohol,55.35334896,72.46216802
256,2,SPP_2021_HubAVG.csv,1002865,450,iMSR,1,57.39261425,-62211182.16,-46484735.72,-11985000,-165626.531,-3505319.903,-70500,0,Ethyl Alcohol,26.25659573,34.37208204
257,3,SPP_2021_HubAVG.csv,1002865,450,Microreactor,4,57.39261425,-30702898.83,-23545154.83,-7084044,0,0,-73700,0,Ethyl Alcohol,12.95833923,16.96355094
258,4,SPP_2021_HubAVG.csv,1002865,450,PBR-HTGR,1,57.39261425,-41208121.04,-29455942.21,-8000000,0,-3712178.825,-40000,0,Ethyl Alcohol,17.39213012,22.76775441
259,0,SPP_2021_HubAVG.csv,1002865,233,iPWR,1,26.05554266,-44605562.62,-34345646.35,-8855000,-111871.8099,-1254544.46,-38500,0,Ethyl Alcohol,46.12329042,54.28530621
260,1,SPP_2021_HubAVG.csv,1002865,233,HTGR,1,26.05554266,-129888845.3,-99121276.32,-26896000,0,-3789568.992,-82000,0,Ethyl Alcohol,134.3083818,158.0757046
261,2,SPP_2021_HubAVG.csv,1002865,233,iMSR,1,26.05554266,-61277844.35,-46484735.72,-11985000,-123516,-2614092.624,-70500,0,Ethyl Alcohol,63.36285533,74.57559885
262,3,SPP_2021_HubAVG.csv,1002865,233,Microreactor,2,26.05554266,-15321299.42,-11772577.42,-3542022,0,0,-6700,0,Ethyl Alcohol,15.84261471,18.64613697
263,4,SPP_2021_HubAVG.csv,1002865,233,PBR-HTGR,1,26.05554266,-41193082.69,-29455942.21,-8000000,0,-3697140.48,-40000,0,Ethyl Alcohol,42.59469906,50.13229239
265,1,SPP_2021_HubAVG.csv,1003954,450,HTGR,1,35.43460904,-129977458.6,-99121276.32,-26896000,0,-3878182.307,-82000,0,Ethyl Alcohol,88.85182788,116.3144814
266,2,SPP_2021_HubAVG.csv,1003954,450,iMSR,1,35.43460904,-61557073.38,-46484735.72,-11985000,-136114.314,-2880723.341,-70500,0,Ethyl Alcohol,42.08005408,55.08631377
267,3,SPP_2021_HubAVG.csv,1003954,450,Microreactor,2,35.43460904,-15321299.42,-11772577.42,-3542022,0,0,-6700,0,Ethyl Alcohol,10.47355036,13.71075428
268,4,SPP_2021_HubAVG.csv,1003954,450,PBR-HTGR,1,35.43460904,-41193082.69,-29455942.21,-8000000,0,-3697140.48,-40000,0,Ethyl Alcohol,28.15934957,36.8629461
270,1,SPP_2021_HubAVG.csv,1005812,450,HTGR,1,50.01693673,-130748346.1,-99121276.32,-26896000,0,-4649069.806,-82000,0,Ethyl Alcohol,63.32060927,82.89197878
271,2,SPP_2021_HubAVG.csv,1005812,450,iMSR,1,50.01693673,-62228089.55,-46484735.72,-11985000,-166389.3623,-3521464.464,-70500,0,Ethyl Alcohol,30.13667599,39.45143194
272,3,SPP_2021_HubAVG.csv,1005812,450,Microreactor,3,50.01693673,-22981949.13,-17658866.13,-5313033,0,0,-10050,0,Ethyl Alcohol,11.13001475,14.57012112
273,4,SPP_2021_HubAVG.csv,1005812,450,PBR-HTGR,1,50.01693673,-41193082.69,-29455942.21,-8000000,0,-3697140.48,-40000,0,Ethyl Alcohol,19.94955325,26.1156354
275,1,SPP_2021_HubAVG.csv,1000344,450,HTGR,1,76.54151128,-130442167.4,-99121276.32,-26896000,0,-4342891.108,-82000,0,Ethyl Alcohol,41.28068967,54.03987883
276,2,SPP_2021_HubAVG.csv,1000344,450,iMSR,1,76.54151128,-62069750.97,-46484735.72,-11985000,-159245.4092,-3370269.841,-70500,0,Ethyl Alcohol,19.64305085,25.71439809
277,3,SPP_2021_HubAVG.csv,1000344,450,Microreactor,5,76.54151128,-38346798.54,-29431443.54,-8855055,0,0,-60300,0,Ethyl Alcohol,12.13551048,15.88639922
278,4,SPP_2021_HubAVG.csv,1000344,450,PBR-HTGR,1,76.54151128,-41722297.43,-29455942.21,-8000000,0,-4226355.219,-40000,0,Ethyl Alcohol,13.20374574,17.2848086
280,1,SPP_2021_HubAVG.csv,1005683,450,HTGR,1,46.14538174,-130536627,-99121276.32,-26896000,0,-4437350.712,-82000,0,Ethyl Alcohol,68.52201324,89.70105205
281,2,SPP_2021_HubAVG.csv,1005683,450,iMSR,1,46.14538174,-62049643.52,-46484735.72,-11985000,-158338.1971,-3351069.604,-70500,0,Ethyl Alcohol,32.57144444,42.63874768
282,3,SPP_2021_HubAVG.csv,1005683,450,Microreactor,3,46.14538174,-22985299.13,-17658866.13,-5313033,0,0,-13400,0,Ethyl Alcohol,12.06557123,15.79484287
283,4,SPP_2021_HubAVG.csv,1005683,450,PBR-HTGR,1,46.14538174,-41193082.69,-29455942.21,-8000000,0,-3697140.48,-40000,0,Ethyl Alcohol,21.62330238,28.30671313
285,1,SPP_2021_HubAVG.csv,1001913,505,HTGR,1,16.24710607,-129888845.3,-99121276.32,-26896000,0,-3789568.992,-82000,0,"Paper Mills, except Newsprint",188.1420585,253.5065782
286,2,SPP_2021_HubAVG.csv,1001913,505,iMSR,1,16.24710607,-61277844.35,-46484735.72,-11985000,-123516,-2614092.624,-70500,0,"Paper Mills, except Newsprint",88.76004515,119.5971571
287,3,SPP_2021_HubAVG.csv,1001913,505,Microreactor,1,16.24710607,-7660649.708,-5886288.708,-1771011,0,0,-3350,0,"Paper Mills, except Newsprint",11.09633704,14.95143859
288,4,SPP_2021_HubAVG.csv,1001913,505,PBR-HTGR,1,16.24710607,-41193082.69,-29455942.21,-8000000,0,-3697140.48,-40000,0,"Paper Mills, except Newsprint",59.66756694,80.39733832
290,1,SPP_2021_HubAVG.csv,1006813,800,HTGR,1,8.061012841,-129888845.3,-99121276.32,-26896000,0,-3789568.992,-82000,0,"Paper Mills, except Newsprint",319.6390926,510.9467441
294,0,SPP_2021_HubAVG.csv,1006813,275,iPWR,1,0.608216303,-44557333.8,-34345646.35,-8855000,-107923.2,-1210264.255,-38500,0,"Paper Mills, except Newsprint",1935.195655,2323.028466
295,1,SPP_2021_HubAVG.csv,1006813,275,HTGR,1,0.608216303,-129888845.3,-99121276.32,-26896000,0,-3789568.992,-82000,0,"Paper Mills, except Newsprint",5641.278497,6771.847849
296,2,SPP_2021_HubAVG.csv,1006813,275,iMSR,1,0.608216303,-61277844.35,-46484735.72,-11985000,-123516,-2614092.624,-70500,0,"Paper Mills, except Newsprint",2661.393939,3194.764242
297,3,SPP_2021_HubAVG.csv,1006813,275,Microreactor,1,0.608216303,-7660649.708,-5886288.708,-1771011,0,0,-3350,0,"Paper Mills, except Newsprint",332.7141632,399.3934516
298,4,SPP_2021_HubAVG.csv,1006813,275,PBR-HTGR,1,0.608216303,-41193082.69,-29455942.21,-8000000,0,-3697140.48,-40000,0,"Paper Mills, except Newsprint",1789.080895,2147.630828
299,0,SPP_2021_HubAVG.csv,1006813,200,iPWR,1,1.424044903,-44557333.8,-34345646.35,-8855000,-107923.2,-1210264.255,-38500,0,"Paper Mills, except Newsprint",855.9374146,992.1764288
300,1,SPP_2021_HubAVG.csv,1006813,200,HTGR,1,1.424044903,-129888845.3,-99121276.32,-26896000,0,-3789568.992,-82000,0,"Paper Mills, except Newsprint",2495.138577,2892.288198
301,2,SPP_2021_HubAVG.csv,1006813,200,iMSR,1,1.424044903,-61277844.35,-46484735.72,-11985000,-123516,-2614092.624,-70500,0,"Paper Mills, except Newsprint",1177.135057,1364.498896
302,3,SPP_2021_HubAVG.csv,1006813,200,Microreactor,1,1.424044903,-7660649.708,-5886288.708,-1771011,0,0,-3350,0,"Paper Mills, except Newsprint",147.1595391,170.5828294
303,4,SPP_2021_HubAVG.csv,1006813,200,PBR-HTGR,1,1.424044903,-41193082.69,-29455942.21,-8000000,0,-3697140.48,-40000,0,"Paper Mills, except Newsprint",791.3108279,917.2632694
305,1,SPP_2021_HubAVG.csv,1006813,505,HTGR,1,6.596807599,-129888845.3,-99121276.32,-26896000,0,-3789568.992,-82000,0,"Paper Mills, except Newsprint",463.3701884,624.3547662
306,2,SPP_2021_HubAVG.csv,1006813,505,iMSR,1,6.596807599,-61277844.35,-46484735.72,-11985000,-123516,-2614092.624,-70500,0,"Paper Mills, except Newsprint",218.6048095,294.5527315
307,3,SPP_2021_HubAVG.csv,1006813,505,Microreactor,1,6.596807599,-7660649.708,-5886288.708,-1771011,0,0,-3350,0,"Paper Mills, except Newsprint",27.32888025,36.82350972
308,4,SPP_2021_HubAVG.csv,1006813,505,PBR-HTGR,1,6.596807599,-41193082.69,-29455942.21,-8000000,0,-3697140.48,-40000,0,"Paper Mills, except Newsprint",146.9537006,198.0085161
309,0,SPP_2021_HubAVG.csv,1006813,150,iPWR,1,6.895844814,-44557333.8,-34345646.35,-8855000,-107923.2,-1210264.255,-38500,0,"Paper Mills, except Newsprint",180.8060539,204.8920509
310,1,SPP_2021_HubAVG.csv,1006813,150,HTGR,1,6.895844814,-129888845.3,-99121276.32,-26896000,0,-3789568.992,-82000,0,"Paper Mills, except Newsprint",527.0667601,597.2797209
311,2,SPP_2021_HubAVG.csv,1006813,150,iMSR,1,6.895844814,-61277844.35,-46484735.72,-11985000,-123516,-2614092.624,-70500,0,"Paper Mills, except Newsprint",248.6550312,281.7794991
312,3,SPP_2021_HubAVG.csv,1006813,150,Microreactor,1,6.895844814,-7660649.708,-5886288.708,-1771011,0,0,-3350,0,"Paper Mills, except Newsprint",31.08560871,35.22666407
313,4,SPP_2021_HubAVG.csv,1006813,150,PBR-HTGR,1,6.895844814,-41193082.69,-29455942.21,-8000000,0,-3697140.48,-40000,0,"Paper Mills, except Newsprint",167.1544972,189.4219082
315,1,SPP_2021_HubAVG.csv,1006052,800,HTGR,1,20.70739862,-129888845.3,-99121276.32,-26896000,0,-3789568.992,-82000,0,"Paper Mills, except Newsprint",124.4296726,198.9022543
319,0,SPP_2021_HubAVG.csv,1006052,275,iPWR,1,1.562406324,-44557333.8,-34345646.35,-8855000,-107923.2,-1210264.255,-38500,0,"Paper Mills, except Newsprint",753.3363948,904.3126389
320,1,SPP_2021_HubAVG.csv,1006052,275,HTGR,1,1.562406324,-129888845.3,-99121276.32,-26896000,0,-3789568.992,-82000,0,"Paper Mills, except Newsprint",2196.046893,2636.156934
321,2,SPP_2021_HubAVG.csv,1006052,275,iMSR,1,1.562406324,-61277844.35,-46484735.72,-11985000,-123516,-2614092.624,-70500,0,"Paper Mills, except Newsprint",1036.03215,1243.663487
323,4,SPP_2021_HubAVG.csv,1006052,275,PBR-HTGR,1,1.562406324,-41193082.69,-29455942.21,-8000000,0,-3697140.48,-40000,0,"Paper Mills, except Newsprint",696.4565821,836.0335355
324,0,SPP_2021_HubAVG.csv,1006052,200,iPWR,1,3.658134037,-44557333.8,-34345646.35,-8855000,-107923.2,-1210264.255,-38500,0,"Paper Mills, except Newsprint",333.2008341,386.2361991
325,1,SPP_2021_HubAVG.csv,1006052,200,HTGR,1,3.658134037,-129888845.3,-99121276.32,-26896000,0,-3789568.992,-82000,0,"Paper Mills, except Newsprint",971.3119684,1125.915077
326,2,SPP_2021_HubAVG.csv,1006052,200,iMSR,1,3.658134037,-61277844.35,-46484735.72,-11985000,-123516,-2614092.624,-70500,0,"Paper Mills, except Newsprint",458.2372217,531.1745491
327,3,SPP_2021_HubAVG.csv,1006052,200,Microreactor,1,3.658134037,-7660649.708,-5886288.708,-1771011,0,0,-3350,0,"Paper Mills, except Newsprint",57.28652626,66.40478623
328,4,SPP_2021_HubAVG.csv,1006052,200,PBR-HTGR,1,3.658134037,-41193082.69,-29455942.21,-8000000,0,-3697140.48,-40000,0,"Paper Mills, except Newsprint",308.0428819,357.0738716
330,1,SPP_2021_HubAVG.csv,1006052,505,HTGR,1,16.94609936,-129888845.3,-99121276.32,-26896000,0,-3789568.992,-82000,0,"Paper Mills, except Newsprint",180.3815683,243.0499301
331,2,SPP_2021_HubAVG.csv,1006052,505,iMSR,1,16.94609936,-61277844.35,-46484735.72,-11985000,-123516,-2614092.624,-70500,0,"Paper Mills, except Newsprint",85.09886773,114.6640094
332,3,SPP_2021_HubAVG.csv,1006052,505,Microreactor,1,16.94609936,-7660649.708,-5886288.708,-1771011,0,0,-3350,0,"Paper Mills, except Newsprint",10.63863494,14.33472114
333,4,SPP_2021_HubAVG.csv,1006052,505,PBR-HTGR,1,16.94609936,-41193082.69,-29455942.21,-8000000,0,-3697140.48,-40000,0,"Paper Mills, except Newsprint",57.20639707,77.08110612
334,0,SPP_2021_HubAVG.csv,1006052,150,iPWR,1,17.71427614,-44557333.8,-34345646.35,-8855000,-107923.2,-1210264.255,-38500,0,"Paper Mills, except Newsprint",70.38450115,79.76074074
335,1,SPP_2021_HubAVG.csv,1006052,150,HTGR,1,17.71427614,-129888845.3,-99121276.32,-26896000,0,-3789568.992,-82000,0,"Paper Mills, except Newsprint",205.1774826,232.5101085
336,2,SPP_2021_HubAVG.csv,1006052,150,iMSR,1,17.71427614,-61277844.35,-46484735.72,-11985000,-123516,-2614092.624,-70500,0,"Paper Mills, except Newsprint",96.7968713,109.6916229
337,3,SPP_2021_HubAVG.csv,1006052,150,Microreactor,2,17.71427614,-15321299.42,-11772577.42,-3542022,0,0,-6700,0,"Paper Mills, except Newsprint",24.20212172,27.42619646
338,4,SPP_2021_HubAVG.csv,1006052,150,PBR-HTGR,1,17.71427614,-41193082.69,-29455942.21,-8000000,0,-3697140.48,-40000,0,"Paper Mills, except Newsprint",65.07019896,73.73849619
339,0,SPP_2021_HubAVG.csv,1006425,149,iPWR,2,226.645519,-97325030.48,-68691292.69,-17710000,-541318.9877,-6070418.792,-4312000,0,Wet Corn Milling,12.02134618,13.61666661
340,1,SPP_2021_HubAVG.csv,1006425,149,HTGR,1,226.645519,-141374637.1,-99121276.32,-26896000,0,-15275360.76,-82000,0,Wet Corn Milling,17.46224424,19.77961158
341,2,SPP_2021_HubAVG.csv,1006425,149,iMSR,2,226.645519,-136222973.7,-92969471.45,-23970000,-497879.5455,-10537122.7,-8248500,0,Wet Corn Milling,16.82592357,19.05884651
343,4,SPP_2021_HubAVG.csv,1006425,149,PBR-HTGR,2,226.645519,-89463381.45,-58911884.42,-16000000,0,-12391497.02,-2160000,0,Wet Corn Milling,11.0502948,12.51674963
344,0,SPP_2021_HubAVG.csv,1006425,50,iPWR,1,91.84472296,-46163108.74,-34345646.35,-8855000,-239391.8834,-2684570.505,-38500,0,Wet Corn Milling,14.69425822,15.93801503
345,1,SPP_2021_HubAVG.csv,1006425,50,HTGR,1,91.84472296,-132114028.7,-99121276.32,-26896000,0,-6014752.366,-82000,0,Wet Corn Milling,42.05344279,45.61294577
346,2,SPP_2021_HubAVG.csv,1006425,50,iMSR,1,91.84472296,-63274158.26,-46484735.72,-11985000,-213586.1098,-4520336.428,-70500,0,Wet Corn Milling,20.14090571,21.84567966
347,3,SPP_2021_HubAVG.csv,1006425,50,Microreactor,7,91.84472296,-53624547.96,-41204020.96,-12397077,0,0,-23450,0,Wet Corn Milling,17.06932172,18.51410953
348,4,SPP_2021_HubAVG.csv,1006425,50,PBR-HTGR,1,91.84472296,-42835830.25,-29455942.21,-8000000,0,-5339888.043,-40000,0,Wet Corn Milling,13.63514651,14.7892576
350,1,SPP_2021_HubAVG.csv,1006575,850,HTGR,1,67.96983701,-130916610.7,-99121276.32,-26896000,0,-4817334.346,-82000,0,Nitrogenous Fertilizers,37.00137659,61.07618724
354,0,SPP_2021_HubAVG.csv,1006575,260,iPWR,1,34.3352785,-44972479.72,-34345646.35,-8855000,-141912.2015,-1591421.167,-38500,0,Nitrogenous Fertilizers,34.84570961,41.53360739
355,1,SPP_2021_HubAVG.csv,1006575,260,HTGR,1,34.3352785,-130274276.1,-99121276.32,-26896000,0,-4174999.732,-82000,0,Nitrogenous Fertilizers,100.9394995,120.3127039
356,2,SPP_2021_HubAVG.csv,1006575,260,iMSR,1,34.3352785,-61765393.75,-46484735.72,-11985000,-145513.3561,-3079644.668,-70500,0,Nitrogenous Fertilizers,47.85724487,57.04243196
357,3,SPP_2021_HubAVG.csv,1006575,260,Microreactor,3,34.3352785,-22981949.13,-17658866.13,-5313033,0,0,-10050,0,Nitrogenous Fertilizers,17.80694172,21.22460799
358,4,SPP_2021_HubAVG.csv,1006575,260,PBR-HTGR,1,34.3352785,-41193082.69,-29455942.21,-8000000,0,-3697140.48,-40000,0,Nitrogenous Fertilizers,31.91734604,38.0432063
360,1,SPP_2021_HubAVG.csv,1005867,850,HTGR,1,33.07588821,-130210947.4,-99121276.32,-26896000,0,-4111671.088,-82000,0,Nitrogenous Fertilizers,75.62673314,124.832991
364,0,SPP_2021_HubAVG.csv,1005867,260,iPWR,1,16.70843837,-44557333.8,-34345646.35,-8855000,-107923.2,-1210264.255,-38500,0,Nitrogenous Fertilizers,70.94575055,84.56228852
365,1,SPP_2021_HubAVG.csv,1005867,260,HTGR,1,16.70843837,-129888845.3,-99121276.32,-26896000,0,-3789568.992,-82000,0,Nitrogenous Fertilizers,206.8135777,246.5070747
366,2,SPP_2021_HubAVG.csv,1005867,260,iMSR,1,16.70843837,-61277844.35,-46484735.72,-11985000,-123516,-2614092.624,-70500,0,Nitrogenous Fertilizers,97.56873422,116.2949915
367,3,SPP_2021_HubAVG.csv,1005867,260,Microreactor,2,16.70843837,-15495499.42,-11772577.42,-3542022,0,0,-180900,0,Nitrogenous Fertilizers,24.67247796,29.40783886
368,4,SPP_2021_HubAVG.csv,1005867,260,PBR-HTGR,1,16.70843837,-41193082.69,-29455942.21,-8000000,0,-3697140.48,-40000,0,Nitrogenous Fertilizers,65.58907187,78.17750854
370,1,SPP_2021_HubAVG.csv,1002170,850,HTGR,1,21.19547781,-129888845.3,-99121276.32,-26896000,0,-3789568.992,-82000,0,Nitrogenous Fertilizers,117.724811,194.3220296
374,0,SPP_2021_HubAVG.csv,1002170,260,iPWR,1,10.70699394,-44557333.8,-34345646.35,-8855000,-107923.2,-1210264.255,-38500,0,Nitrogenous Fertilizers,110.7119988,131.960828
375,1,SPP_2021_HubAVG.csv,1002170,260,HTGR,1,10.70699394,-129888845.3,-99121276.32,-26896000,0,-3789568.992,-82000,0,Nitrogenous Fertilizers,322.7359552,384.6783035
376,2,SPP_2021_HubAVG.csv,1002170,260,iMSR,1,10.70699394,-61277844.35,-46484735.72,-11985000,-123516,-2614092.624,-70500,0,Nitrogenous Fertilizers,152.2575983,181.4802276
377,3,SPP_2021_HubAVG.csv,1002170,260,Microreactor,1,10.70699394,-7660649.708,-5886288.708,-1771011,0,0,-3350,0,Nitrogenous Fertilizers,19.03448364,22.68775064
378,4,SPP_2021_HubAVG.csv,1002170,260,PBR-HTGR,1,10.70699394,-41193082.69,-29455942.21,-8000000,0,-3697140.48,-40000,0,Nitrogenous Fertilizers,102.3528145,121.9972749
380,1,SPP_2021_HubAVG.csv,1005788,850,HTGR,1,124.1654701,-133355614,-99121276.32,-26896000,0,-7256337.667,-82000,0,Nitrogenous Fertilizers,20.63240353,34.05680159
384,0,SPP_2021_HubAVG.csv,1005788,260,iPWR,1,62.72276323,-45200074.75,-34345646.35,-8855000,-160545.9583,-1800382.445,-38500,0,Nitrogenous Fertilizers,19.17154101,22.85111328
385,1,SPP_2021_HubAVG.csv,1005788,260,HTGR,1,62.72276323,-130595821.2,-99121276.32,-26896000,0,-4496544.832,-82000,0,Nitrogenous Fertilizers,55.39201329,66.02334
386,2,SPP_2021_HubAVG.csv,1005788,260,iMSR,1,62.72276323,-61988310.56,-46484735.72,-11985000,-155570.9636,-3292503.873,-70500,0,Nitrogenous Fertilizers,26.29224498,31.33848593
387,3,SPP_2021_HubAVG.csv,1005788,260,Microreactor,5,62.72276323,-38303248.54,-29431443.54,-8855055,0,0,-16750,0,Nitrogenous Fertilizers,16.24626296,19.36438991
388,4,SPP_2021_HubAVG.csv,1005788,260,PBR-HTGR,1,62.72276323,-41287563.56,-29455942.21,-8000000,0,-3791621.346,-40000,0,Nitrogenous Fertilizers,17.51205551,20.8731246
390,1,SPP_2021_HubAVG.csv,1006037,850,HTGR,1,87.57529625,-131690991.5,-99121276.32,-26896000,0,-5591715.167,-82000,0,Nitrogenous Fertilizers,28.88775615,47.68346926
394,0,SPP_2021_HubAVG.csv,1006037,260,iPWR,1,44.23906717,-44808009.54,-34345646.35,-8855000,-128446.63,-1440416.565,-38500,0,Nitrogenous Fertilizers,26.94590312,32.11759995
395,1,SPP_2021_HubAVG.csv,1006037,260,HTGR,1,44.23906717,-130785870.7,-99121276.32,-26896000,0,-4686594.426,-82000,0,Nitrogenous Fertilizers,78.64985388,93.74503173
396,2,SPP_2021_HubAVG.csv,1006037,260,iMSR,1,44.23906717,-62232457.2,-46484735.72,-11985000,-166586.4228,-3525635.052,-70500,0,Nitrogenous Fertilizers,37.4243306,44.60714022
397,3,SPP_2021_HubAVG.csv,1006037,260,Microreactor,3,44.23906717,-22981949.13,-17658866.13,-5313033,0,0,-10050,0,Nitrogenous Fertilizers,13.82050622,16.47306041
398,4,SPP_2021_HubAVG.csv,1006037,260,PBR-HTGR,1,44.23906717,-41193082.69,-29455942.21,-8000000,0,-3697140.48,-40000,0,Nitrogenous Fertilizers,24.77201793,29.52648342
400,1,SPP_2021_HubAVG.csv,1002275,850,HTGR,2,411.1068246,-283270210,-198242552.6,-53792000,0,-26807657.4,-4428000,0,Nitrogenous Fertilizers,13.23687828,21.84940482
404,0,SPP_2021_HubAVG.csv,1002275,260,iPWR,2,207.6725196,-106387055.7,-68691292.69,-17710000,-482618.5295,-5412144.517,-14091000,0,Nitrogenous Fertilizers,13.62864913,16.2443804
405,1,SPP_2021_HubAVG.csv,1002275,260,HTGR,1,207.6725196,-140316021.1,-99121276.32,-26896000,0,-14216744.76,-82000,0,Nitrogenous Fertilizers,17.97509861,21.42503904
406,2,SPP_2021_HubAVG.csv,1002275,260,iMSR,1,207.6725196,-70612782.95,-46484735.72,-11985000,-544691.7175,-11527855.51,-70500,0,Nitrogenous Fertilizers,9.04580765,10.78195932
408,4,SPP_2021_HubAVG.csv,1002275,260,PBR-HTGR,2,207.6725196,-88572008.49,-58911884.42,-16000000,0,-11500124.06,-2160000,0,Nitrogenous Fertilizers,11.34646332,13.52417725
410,1,SPP_2021_HubAVG.csv,1002407,850,HTGR,2,273.0564927,-297126374.3,-198242552.6,-53792000,0,-15079821.69,-30012000,0,Nitrogenous Fertilizers,20.90393532,34.50500455
414,0,SPP_2021_HubAVG.csv,1002407,260,iPWR,1,137.935754,-47896577.19,-34345646.35,-8855000,-381315.1451,-4276115.702,-38500,0,Nitrogenous Fertilizers,9.237845154,11.01085437
415,1,SPP_2021_HubAVG.csv,1002407,260,HTGR,1,137.935754,-134959032.9,-99121276.32,-26896000,0,-8859756.545,-82000,0,Nitrogenous Fertilizers,26.02963971,31.02547913
416,2,SPP_2021_HubAVG.csv,1002407,260,iMSR,1,137.935754,-66305672.02,-46484735.72,-11985000,-350362.5832,-7415073.711,-70500,0,Nitrogenous Fertilizers,12.78841969,15.24288667
417,3,SPP_2021_HubAVG.csv,1002407,260,Microreactor,10,137.935754,-76606497.08,-58862887.08,-17710110,0,0,-33500,0,Nitrogenous Fertilizers,14.77514677,17.61092404
418,4,SPP_2021_HubAVG.csv,1002407,260,PBR-HTGR,1,137.935754,-45445816.36,-29455942.21,-8000000,0,-7949874.146,-40000,0,Nitrogenous Fertilizers,8.765165258,10.44745355
419,0,SPP_2021_HubAVG.csv,1001704,177,iPWR,1,42.88283715,-45046869.67,-34345646.35,-8855000,-148002.6871,-1659720.633,-38500,0,Alkalies and Chlorine,29.03884027,33.30998977
420,1,SPP_2021_HubAVG.csv,1001704,177,HTGR,1,42.88283715,-130358185.2,-99121276.32,-26896000,0,-4258908.872,-82000,0,Alkalies and Chlorine,84.03359757,96.39359731
421,2,SPP_2021_HubAVG.csv,1001704,177,iMSR,1,42.88283715,-61899237.13,-46484735.72,-11985000,-151552.1299,-3207449.276,-70500,0,Alkalies and Chlorine,39.90248541,45.77150356
422,3,SPP_2021_HubAVG.csv,1001704,177,Microreactor,3,42.88283715,-22981949.13,-17658866.13,-5313033,0,0,-10050,0,Alkalies and Chlorine,14.81499502,16.99404411
423,4,SPP_2021_HubAVG.csv,1001704,177,PBR-HTGR,1,42.88283715,-41193082.69,-29455942.21,-8000000,0,-3697140.48,-40000,0,Alkalies and Chlorine,26.5545499,30.46029997
424,0,SPP_2021_HubAVG.csv,1002397,120,iPWR,1,0,-43200646.35,-34345646.35,-8855000,0,0,0,0,Lime,inf,inf
425,1,SPP_2021_HubAVG.csv,1002397,120,HTGR,1,0,-126017276.3,-99121276.32,-26896000,0,0,0,0,Lime,inf,inf
426,2,SPP_2021_HubAVG.csv,1002397,120,iMSR,1,0,-58469735.72,-46484735.72,-11985000,0,0,0,0,Lime,inf,inf
427,3,SPP_2021_HubAVG.csv,1002397,120,Microreactor,1,0,-7657299.708,-5886288.708,-1771011,0,0,0,0,Lime,inf,inf
428,4,SPP_2021_HubAVG.csv,1002397,120,PBR-HTGR,1,0,-37455942.21,-29455942.21,-8000000,0,0,0,0,Lime,inf,inf
435,1,SPP_2021_HubAVG.csv,1003779,450,HTGR,1,80.69004756,-130669027.3,-99121276.32,-26896000,0,-4569750.994,-82000,0,Ethyl Alcohol,39.22641853,51.35066592
436,2,SPP_2021_HubAVG.csv,1003779,450,iMSR,1,80.69004756,-62259053.4,-46484735.72,-11985000,-167786.3959,-3551031.282,-70500,0,Ethyl Alcohol,18.68996606,24.46673031
437,3,SPP_2021_HubAVG.csv,1003779,450,Microreactor,5,80.69004756,-38319998.54,-29431443.54,-8855055,0,0,-33500,0,Ethyl Alcohol,11.50353937,15.05909613
438,4,SPP_2021_HubAVG.csv,1003779,450,PBR-HTGR,1,80.69004756,-41505790.52,-29455942.21,-8000000,0,-4009848.313,-40000,0,Ethyl Alcohol,12.4599038,16.31105723
439,0,SPP_2021_HubAVG.csv,1003779,233,iPWR,1,36.63229151,-44880455.25,-34345646.35,-8855000,-134377.9358,-1506930.97,-38500,0,Ethyl Alcohol,33.00840584,38.84960076
440,1,SPP_2021_HubAVG.csv,1003779,233,HTGR,1,36.63229151,-130035149.5,-99121276.32,-26896000,0,-3935873.169,-82000,0,Ethyl Alcohol,95.63746543,112.5615508
441,2,SPP_2021_HubAVG.csv,1003779,233,iMSR,1,36.63229151,-61611351.99,-46484735.72,-11985000,-138563.2679,-2932553.002,-70500,0,Ethyl Alcohol,45.31354461,53.3322671
442,3,SPP_2021_HubAVG.csv,1003779,233,Microreactor,2,36.63229151,-15321299.42,-11772577.42,-3542022,0,0,-6700,0,Ethyl Alcohol,11.26841665,13.26248502
443,4,SPP_2021_HubAVG.csv,1003779,233,PBR-HTGR,1,36.63229151,-41193082.69,-29455942.21,-8000000,0,-3697140.48,-40000,0,Ethyl Alcohol,30.29643937,35.65772244
445,1,SPP_2021_HubAVG.csv,1004765,450,HTGR,1,66.01456408,-131404738.1,-99121276.32,-26896000,0,-5305461.744,-82000,0,Ethyl Alcohol,48.21667252,63.11966106
446,2,SPP_2021_HubAVG.csv,1004765,450,iMSR,1,66.01456408,-61696351.71,-46484735.72,-11985000,-142398.3032,-3013717.688,-70500,0,Ethyl Alcohol,22.6383982,29.63555855
447,3,SPP_2021_HubAVG.csv,1004765,450,Microreactor,4,66.01456408,-30645948.83,-23545154.83,-7084044,0,0,-16750,0,Ethyl Alcohol,11.24499543,14.72064046
448,4,SPP_2021_HubAVG.csv,1004765,450,PBR-HTGR,1,66.01456408,-41529301.72,-29455942.21,-8000000,0,-4033359.509,-40000,0,Ethyl Alcohol,15.2384516,19.94840892
449,0,SPP_2021_HubAVG.csv,1004765,233,iPWR,1,29.93637587,-44702372.31,-34345646.35,-8855000,-119797.8539,-1343428.108,-38500,0,Ethyl Alcohol,40.23117637,47.35051876
450,1,SPP_2021_HubAVG.csv,1004765,233,HTGR,1,29.93637587,-129888845.3,-99121276.32,-26896000,0,-3789568.992,-82000,0,Ethyl Alcohol,116.8971751,137.5833963
451,2,SPP_2021_HubAVG.csv,1004765,233,iMSR,1,29.93637587,-61326322.83,-46484735.72,-11985000,-125703.2623,-2660383.843,-70500,0,Ethyl Alcohol,55.19237531,64.95926389
452,3,SPP_2021_HubAVG.csv,1004765,233,Microreactor,2,29.93637587,-15321299.42,-11772577.42,-3542022,0,0,-6700,0,Ethyl Alcohol,13.78884089,16.22892562
453,4,SPP_2021_HubAVG.csv,1004765,233,PBR-HTGR,1,29.93637587,-41193082.69,-29455942.21,-8000000,0,-3697140.48,-40000,0,Ethyl Alcohol,37.07289097,43.63334056
455,1,SPP_2021_HubAVG.csv,1003096,450,HTGR,1,40.10941622,-130211882.7,-99121276.32,-26896000,0,-4112606.385,-82000,0,Ethyl Alcohol,78.63759959,102.9432015
456,2,SPP_2021_HubAVG.csv,1003096,450,iMSR,1,40.10941622,-61771443.02,-46484735.72,-11985000,-145786.2886,-3085421.012,-70500,0,Ethyl Alcohol,37.30502856,48.83540558
457,3,SPP_2021_HubAVG.csv,1003096,450,Microreactor,3,40.10941622,-22995349.13,-17658866.13,-5313033,0,0,-23450,0,Ethyl Alcohol,13.8873582,18.17971454
458,4,SPP_2021_HubAVG.csv,1003096,450,PBR-HTGR,1,40.10941622,-41193082.69,-29455942.21,-8000000,0,-3697140.48,-40000,0,Ethyl Alcohol,24.87733896,32.56651945
459,0,SPP_2021_HubAVG.csv,1003096,233,iPWR,1,18.20918282,-44557333.8,-34345646.35,-8855000,-107923.2,-1210264.255,-38500,0,Ethyl Alcohol,65.92651563,77.5929266
460,1,SPP_2021_HubAVG.csv,1003096,233,HTGR,1,18.20918282,-129888845.3,-99121276.32,-26896000,0,-3789568.992,-82000,0,Ethyl Alcohol,192.1820329,226.1907251
461,2,SPP_2021_HubAVG.csv,1003096,233,iMSR,1,18.20918282,-61277844.35,-46484735.72,-11985000,-123516,-2614092.624,-70500,0,Ethyl Alcohol,90.6659896,106.7103184
462,3,SPP_2021_HubAVG.csv,1003096,233,Microreactor,1,18.20918282,-7660649.708,-5886288.708,-1771011,0,0,-3350,0,Ethyl Alcohol,11.33460869,13.34039045
463,4,SPP_2021_HubAVG.csv,1003096,233,PBR-HTGR,1,18.20918282,-41193082.69,-29455942.21,-8000000,0,-3697140.48,-40000,0,Ethyl Alcohol,60.94880861,71.73436041
465,1,SPP_2021_HubAVG.csv,1002047,450,HTGR,1,35.08537818,-129962596.7,-99121276.32,-26896000,0,-3863320.42,-82000,0,Ethyl Alcohol,89.72597557,117.4588139
466,2,SPP_2021_HubAVG.csv,1002047,450,iMSR,1,35.08537818,-61541537.47,-46484735.72,-11985000,-135413.3616,-2865888.386,-70500,0,Ethyl Alcohol,42.48818218,55.62058762
467,3,SPP_2021_HubAVG.csv,1002047,450,Microreactor,2,35.08537818,-15321299.42,-11772577.42,-3542022,0,0,-6700,0,Ethyl Alcohol,10.5778014,13.84722761
468,4,SPP_2021_HubAVG.csv,1002047,450,PBR-HTGR,1,35.08537818,-41193082.69,-29455942.21,-8000000,0,-3697140.48,-40000,0,Ethyl Alcohol,28.43964051,37.22987042
469,0,SPP_2021_HubAVG.csv,1002047,233,iPWR,1,15.92759407,-44557333.8,-34345646.35,-8855000,-107923.2,-1210264.255,-38500,0,Ethyl Alcohol,75.37032714,88.70792284
470,1,SPP_2021_HubAVG.csv,1002047,233,HTGR,1,15.92759407,-129888845.3,-99121276.32,-26896000,0,-3789568.992,-82000,0,Ethyl Alcohol,219.7116373,258.5919911
471,2,SPP_2021_HubAVG.csv,1002047,233,iMSR,1,15.92759407,-61277844.35,-46484735.72,-11985000,-123516,-2614092.624,-70500,0,Ethyl Alcohol,103.65367,121.9963096
472,3,SPP_2021_HubAVG.csv,1002047,233,Microreactor,1,15.92759407,-7660649.708,-5886288.708,-1771011,0,0,-3350,0,Ethyl Alcohol,12.95826355,15.25136864
473,4,SPP_2021_HubAVG.csv,1002047,233,PBR-HTGR,1,15.92759407,-41193082.69,-29455942.21,-8000000,0,-3697140.48,-40000,0,Ethyl Alcohol,69.67957581,82.01013142
475,1,SPP_2021_HubAVG.csv,1002082,450,HTGR,1,21.75742833,-129888845.3,-99121276.32,-26896000,0,-3789568.992,-82000,0,Ethyl Alcohol,144.607316,189.3030833
476,2,SPP_2021_HubAVG.csv,1002082,450,iMSR,1,21.75742833,-61277844.35,-46484735.72,-11985000,-123516,-2614092.624,-70500,0,Ethyl Alcohol,68.22159808,89.30778346
477,3,SPP_2021_HubAVG.csv,1002082,450,Microreactor,2,21.75742833,-15324649.42,-11772577.42,-3542022,0,0,-10050,0,Ethyl Alcohol,17.06117577,22.33450746
478,4,SPP_2021_HubAVG.csv,1002082,450,PBR-HTGR,1,21.75742833,-41193082.69,-29455942.21,-8000000,0,-3697140.48,-40000,0,Ethyl Alcohol,45.8609137,60.03577554
479,0,SPP_2021_HubAVG.csv,1002082,233,iPWR,1,9.849621972,-44557333.8,-34345646.35,-8855000,-107923.2,-1210264.255,-38500,0,Ethyl Alcohol,121.879599,143.4475141
480,1,SPP_2021_HubAVG.csv,1002082,233,HTGR,1,9.849621972,-129888845.3,-99121276.32,-26896000,0,-3789568.992,-82000,0,Ethyl Alcohol,355.2905667,418.1630805
481,2,SPP_2021_HubAVG.csv,1002082,233,iMSR,1,9.849621972,-61277844.35,-46484735.72,-11985000,-123516,-2614092.624,-70500,0,Ethyl Alcohol,167.6159334,197.2773882
482,3,SPP_2021_HubAVG.csv,1002082,233,Microreactor,1,9.849621972,-7660649.708,-5886288.708,-1771011,0,0,-3350,0,Ethyl Alcohol,20.95450591,24.66263268
483,4,SPP_2021_HubAVG.csv,1002082,233,PBR-HTGR,1,9.849621972,-41193082.69,-29455942.21,-8000000,0,-3697140.48,-40000,0,Ethyl Alcohol,112.6772177,132.6166717
485,1,SPP_2021_HubAVG.csv,1012036,450,HTGR,1,9.963014269,-129888845.3,-99121276.32,-26896000,0,-3789568.992,-82000,0,Ethyl Alcohol,315.7963271,413.4038309
486,2,SPP_2021_HubAVG.csv,1012036,450,iMSR,1,9.963014269,-61277844.35,-46484735.72,-11985000,-123516,-2614092.624,-70500,0,Ethyl Alcohol,148.9836801,195.0321103
487,3,SPP_2021_HubAVG.csv,1012036,450,Microreactor,1,9.963014269,-7660649.708,-5886288.708,-1771011,0,0,-3350,0,Ethyl Alcohol,18.62519476,24.38193926
488,4,SPP_2021_HubAVG.csv,1012036,450,PBR-HTGR,1,9.963014269,-41193082.69,-29455942.21,-8000000,0,-3697140.48,-40000,0,Ethyl Alcohol,100.1519737,131.1073183
489,0,SPP_2021_HubAVG.csv,1012036,233,iPWR,1,4.523004332,-44557333.8,-34345646.35,-8855000,-107923.2,-1210264.255,-38500,0,Ethyl Alcohol,265.4138462,312.3817009
490,1,SPP_2021_HubAVG.csv,1012036,233,HTGR,1,4.523004332,-129888845.3,-99121276.32,-26896000,0,-3789568.992,-82000,0,Ethyl Alcohol,773.7064826,910.6222244
491,2,SPP_2021_HubAVG.csv,1012036,233,iMSR,1,4.523004332,-61277844.35,-46484735.72,-11985000,-123516,-2614092.624,-70500,0,Ethyl Alcohol,365.0126021,429.6055354
492,3,SPP_2021_HubAVG.csv,1012036,233,Microreactor,1,4.523004332,-7660649.708,-5886288.708,-1771011,0,0,-3350,0,Ethyl Alcohol,45.63205043,53.70713598
493,4,SPP_2021_HubAVG.csv,1012036,233,PBR-HTGR,1,4.523004332,-41193082.69,-29455942.21,-8000000,0,-3697140.48,-40000,0,Ethyl Alcohol,245.3740738,288.7956737
495,1,SPP_2021_HubAVG.csv,1005369,450,HTGR,1,35.11227423,-129963724.4,-99121276.32,-26896000,0,-3864448.116,-82000,0,Ethyl Alcohol,89.65802331,117.3698588
496,2,SPP_2021_HubAVG.csv,1005369,450,iMSR,1,35.11227423,-61542693.65,-46484735.72,-11985000,-135465.5262,-2866992.396,-70500,0,Ethyl Alcohol,42.45643379,55.57902631
497,3,SPP_2021_HubAVG.csv,1005369,450,Microreactor,2,35.11227423,-15321299.42,-11772577.42,-3542022,0,0,-6700,0,Ethyl Alcohol,10.56969879,13.83662061
498,4,SPP_2021_HubAVG.csv,1005369,450,PBR-HTGR,1,35.11227423,-41193082.69,-29455942.21,-8000000,0,-3697140.48,-40000,0,Ethyl Alcohol,28.41785571,37.20135229
499,0,SPP_2021_HubAVG.csv,1005369,233,iPWR,1,15.94054167,-44557333.8,-34345646.35,-8855000,-107923.2,-1210264.255,-38500,0,Ethyl Alcohol,75.30910809,88.63587041
500,1,SPP_2021_HubAVG.csv,1005369,233,HTGR,1,15.94054167,-129888845.3,-99121276.32,-26896000,0,-3789568.992,-82000,0,Ethyl Alcohol,219.533178,258.3819515
502,3,SPP_2021_HubAVG.csv,1005369,233,Microreactor,1,15.94054167,-7660649.708,-5886288.708,-1771011,0,0,-3350,0,Ethyl Alcohol,12.94773829,15.23898081
503,4,SPP_2021_HubAVG.csv,1005369,233,PBR-HTGR,1,15.94054167,-41193082.69,-29455942.21,-8000000,0,-3697140.48,-40000,0,Ethyl Alcohol,69.62297903,81.94351923
505,1,SPP_2021_HubAVG.csv,1002962,450,HTGR,1,58.71893101,-131224237.9,-99121276.32,-26896000,0,-5124961.62,-82000,0,Ethyl Alcohol,54.13297429,70.86459539
506,2,SPP_2021_HubAVG.csv,1002962,450,iMSR,1,58.71893101,-61785040.57,-46484735.72,-11985000,-146399.7857,-3098405.065,-70500,0,Ethyl Alcohol,25.48773051,33.36557309
507,3,SPP_2021_HubAVG.csv,1002962,450,Microreactor,4,58.71893101,-30659348.83,-23545154.83,-7084044,0,0,-30150,0,Ethyl Alcohol,12.64767674,16.55686773
508,4,SPP_2021_HubAVG.csv,1002962,450,PBR-HTGR,1,58.71893101,-41239718.43,-29455942.21,-8000000,0,-3743776.219,-40000,0,Ethyl Alcohol,17.01231916,22.27055006
509,0,SPP_2021_HubAVG.csv,1002962,233,iPWR,1,0.229834006,-44557333.8,-34345646.35,-8855000,-107923.2,-1210264.255,-38500,0,Ethyl Alcohol,5223.195624,6147.49666
510,1,SPP_2021_HubAVG.csv,1002962,233,HTGR,1,0.229834006,-129888845.3,-99121276.32,-26896000,0,-3789568.992,-82000,0,Ethyl Alcohol,15226.10961,17920.53461
512,3,SPP_2021_HubAVG.csv,1002962,233,Microreactor,1,0.229834006,-7660649.708,-5886288.708,-1771011,0,0,-3350,0,Ethyl Alcohol,898.0131578,1056.926312
513,4,SPP_2021_HubAVG.csv,1002962,233,PBR-HTGR,1,0.229834006,-41193082.69,-29455942.21,-8000000,0,-3697140.48,-40000,0,Ethyl Alcohol,4828.824143,5683.336875
515,1,SPP_2021_HubAVG.csv,1003282,450,HTGR,1,29.19503862,-129888845.3,-99121276.32,-26896000,0,-3789568.992,-82000,0,Ethyl Alcohol,107.7677394,141.0769932
516,2,SPP_2021_HubAVG.csv,1003282,450,iMSR,1,29.19503862,-61301728.28,-46484735.72,-11985000,-124593.6003,-2636898.958,-70500,0,Ethyl Alcohol,50.86155521,66.58203394
517,3,SPP_2021_HubAVG.csv,1003282,450,Microreactor,2,29.19503862,-15321299.42,-11772577.42,-3542022,0,0,-6700,0,Ethyl Alcohol,12.71195997,16.64101986
518,4,SPP_2021_HubAVG.csv,1003282,450,PBR-HTGR,1,29.19503862,-41193082.69,-29455942.21,-8000000,0,-3697140.48,-40000,0,Ethyl Alcohol,34.17757229,44.74130349
519,0,SPP_2021_HubAVG.csv,1003282,233,iPWR,1,9.651604217,-44557333.8,-34345646.35,-8855000,-107923.2,-1210264.255,-38500,0,Ethyl Alcohol,124.3801496,146.3905641
520,1,SPP_2021_HubAVG.csv,1003282,233,HTGR,1,9.651604217,-129888845.3,-99121276.32,-26896000,0,-3789568.992,-82000,0,Ethyl Alcohol,362.5799083,426.7423501
521,2,SPP_2021_HubAVG.csv,1003282,233,iMSR,1,9.651604217,-61277844.35,-46484735.72,-11985000,-123516,-2614092.624,-70500,0,Ethyl Alcohol,171.0548364,201.3248423
522,3,SPP_2021_HubAVG.csv,1003282,233,Microreactor,1,9.651604217,-7660649.708,-5886288.708,-1771011,0,0,-3350,0,Ethyl Alcohol,21.38442037,25.16862516
523,4,SPP_2021_HubAVG.csv,1003282,233,PBR-HTGR,1,9.651604217,-41193082.69,-29455942.21,-8000000,0,-3697140.48,-40000,0,Ethyl Alcohol,114.988967,135.3375101
525,1,SPP_2021_HubAVG.csv,1005278,450,HTGR,1,3.182610909,-129888845.3,-99121276.32,-26896000,0,-3789568.992,-82000,0,Ethyl Alcohol,988.5855995,1294.141315
526,2,SPP_2021_HubAVG.csv,1005278,450,iMSR,1,3.182610909,-61277844.35,-46484735.72,-11985000,-123516,-2614092.624,-70500,0,Ethyl Alcohol,466.3864271,610.5388793
527,3,SPP_2021_HubAVG.csv,1005278,450,Microreactor,1,3.182610909,-7660649.708,-5886288.708,-1771011,0,0,-3350,0,Ethyl Alcohol,58.30529917,76.32651797
528,4,SPP_2021_HubAVG.csv,1005278,450,PBR-HTGR,1,3.182610909,-41193082.69,-29455942.21,-8000000,0,-3697140.48,-40000,0,Ethyl Alcohol,313.5210591,410.4253146
529,0,SPP_2021_HubAVG.csv,1005278,233,iPWR,1,1.444866302,-44557333.8,-34345646.35,-8855000,-107923.2,-1210264.255,-38500,0,Ethyl Alcohol,830.8505598,977.8785651
530,1,SPP_2021_HubAVG.csv,1005278,233,HTGR,1,1.444866302,-129888845.3,-99121276.32,-26896000,0,-3789568.992,-82000,0,Ethyl Alcohol,2422.008021,2850.608572
531,2,SPP_2021_HubAVG.csv,1005278,233,iMSR,1,1.444866302,-61277844.35,-46484735.72,-11985000,-123516,-2614092.624,-70500,0,Ethyl Alcohol,1142.634151,1344.83564
532,3,SPP_2021_HubAVG.csv,1005278,233,Microreactor,1,1.444866302,-7660649.708,-5886288.708,-1771011,0,0,-3350,0,Ethyl Alcohol,142.8464083,168.1246274
533,4,SPP_2021_HubAVG.csv,1005278,233,PBR-HTGR,1,1.444866302,-41193082.69,-29455942.21,-8000000,0,-3697140.48,-40000,0,Ethyl Alcohol,768.1181277,904.0449497
535,1,SPP_2021_HubAVG.csv,1001723,450,HTGR,1,30.46355985,-129888845.3,-99121276.32,-26896000,0,-3789568.992,-82000,0,Ethyl Alcohol,103.2802249,135.2024611
536,2,SPP_2021_HubAVG.csv,1001723,450,iMSR,1,30.46355985,-61345385.44,-46484735.72,-11985000,-126563.3332,-2678586.384,-70500,0,Ethyl Alcohol,48.77836268,63.85496051
537,4,SPP_2021_HubAVG.csv,1001723,450,PBR-HTGR,1,30.46355985,-41193082.69,-29455942.21,-8000000,0,-3697140.48,-40000,0,Ethyl Alcohol,32.7543973,42.87824829
538,0,SPP_2021_HubAVG.csv,1001723,233,iPWR,1,13.83008239,-44557333.8,-34345646.35,-8855000,-107923.2,-1210264.255,-38500,0,Ethyl Alcohol,86.80121652,102.1616319
539,1,SPP_2021_HubAVG.csv,1001723,233,HTGR,1,13.83008239,-129888845.3,-99121276.32,-26896000,0,-3789568.992,-82000,0,Ethyl Alcohol,253.0337618,297.8108264
540,2,SPP_2021_HubAVG.csv,1001723,233,iMSR,1,13.83008239,-61277844.35,-46484735.72,-11985000,-123516,-2614092.624,-70500,0,Ethyl Alcohol,119.3740958,140.498635
541,3,SPP_2021_HubAVG.csv,1001723,233,Microreactor,1,13.83008239,-7660649.708,-5886288.708,-1771011,0,0,-3350,0,Ethyl Alcohol,14.92355258,17.56443685
542,4,SPP_2021_HubAVG.csv,1001723,233,PBR-HTGR,1,13.83008239,-41193082.69,-29455942.21,-8000000,0,-3697140.48,-40000,0,Ethyl Alcohol,80.24738881,94.44803339
544,1,SPP_2021_HubAVG.csv,1005353,450,HTGR,1,74.4495118,-130367313.5,-99121276.32,-26896000,0,-4268037.224,-82000,0,Ethyl Alcohol,42.41630496,55.52649431
545,2,SPP_2021_HubAVG.csv,1005353,450,iMSR,1,74.4495118,-61978386.26,-46484735.72,-11985000,-155123.197,-3283027.341,-70500,0,Ethyl Alcohol,20.16528577,26.39804732
546,4,SPP_2021_HubAVG.csv,1005353,450,PBR-HTGR,1,74.4495118,-41833810.62,-29455942.21,-8000000,0,-4337868.41,-40000,0,Ethyl Alcohol,13.61104728,17.81800042
547,0,SPP_2021_HubAVG.csv,1005353,233,iPWR,1,33.79916488,-44805001.45,-34345646.35,-8855000,-128200.3505,-1437654.755,-38500,0,Ethyl Alcohol,35.71510319,42.03527752
548,1,SPP_2021_HubAVG.csv,1005353,233,HTGR,1,33.79916488,-129912881.1,-99121276.32,-26896000,0,-3813604.808,-82000,0,Ethyl Alcohol,103.556563,121.8820184
549,2,SPP_2021_HubAVG.csv,1005353,233,iMSR,1,33.79916488,-61486274.29,-46484735.72,-11985000,-132919.9858,-2813118.579,-70500,0,Ethyl Alcohol,49.01213168,57.68535922
550,3,SPP_2021_HubAVG.csv,1005353,233,Microreactor,2,33.79916488,-15321299.42,-11772577.42,-3542022,0,0,-6700,0,Ethyl Alcohol,12.21296221,14.37417815
551,4,SPP_2021_HubAVG.csv,1005353,233,PBR-HTGR,1,33.79916488,-41193082.69,-29455942.21,-8000000,0,-3697140.48,-40000,0,Ethyl Alcohol,32.83595919,38.64663781
553,1,SPP_2021_HubAVG.csv,1002909,450,HTGR,1,18.56637907,-129888845.3,-99121276.32,-26896000,0,-3789568.992,-82000,0,Ethyl Alcohol,169.4613312,221.83907
554,2,SPP_2021_HubAVG.csv,1002909,450,iMSR,1,18.56637907,-61277844.35,-46484735.72,-11985000,-123516,-2614092.624,-70500,0,Ethyl Alcohol,79.94701202,104.657332
555,4,SPP_2021_HubAVG.csv,1002909,450,PBR-HTGR,1,18.56637907,-41193082.69,-29455942.21,-8000000,0,-3697140.48,-40000,0,Ethyl Alcohol,53.74314179,70.35427201
556,0,SPP_2021_HubAVG.csv,1002909,233,iPWR,1,8.428908287,-44557333.8,-34345646.35,-8855000,-107923.2,-1210264.255,-38500,0,Ethyl Alcohol,142.4227118,167.6259532
557,1,SPP_2021_HubAVG.csv,1002909,233,HTGR,1,8.428908287,-129888845.3,-99121276.32,-26896000,0,-3789568.992,-82000,0,Ethyl Alcohol,415.175685,488.6455191
558,2,SPP_2021_HubAVG.csv,1002909,233,iMSR,1,8.428908287,-61277844.35,-46484735.72,-11985000,-123516,-2614092.624,-70500,0,Ethyl Alcohol,195.8680204,230.528988
559,3,SPP_2021_HubAVG.csv,1002909,233,Microreactor,1,8.428908287,-7660649.708,-5886288.708,-1771011,0,0,-3350,0,Ethyl Alcohol,24.48644056,28.81958143
560,4,SPP_2021_HubAVG.csv,1002909,233,PBR-HTGR,1,8.428908287,-41193082.69,-29455942.21,-8000000,0,-3697140.48,-40000,0,Ethyl Alcohol,131.669246,154.9695451
562,1,SPP_2021_HubAVG.csv,1005476,450,HTGR,1,19.7748145,-129888845.3,-99121276.32,-26896000,0,-3789568.992,-82000,0,Ethyl Alcohol,159.1055791,208.2825235
563,2,SPP_2021_HubAVG.csv,1005476,450,iMSR,1,19.7748145,-61277844.35,-46484735.72,-11985000,-123516,-2614092.624,-70500,0,Ethyl Alcohol,75.06146418,98.26174082
564,3,SPP_2021_HubAVG.csv,1005476,450,Microreactor,2,19.7748145,-15341399.42,-11772577.42,-3542022,0,0,-26800,0,Ethyl Alcohol,18.79223911,24.60061429
565,4,SPP_2021_HubAVG.csv,1005476,450,PBR-HTGR,1,19.7748145,-41193082.69,-29455942.21,-8000000,0,-3697140.48,-40000,0,Ethyl Alcohol,50.45890785,66.05493483
566,0,SPP_2021_HubAVG.csv,1005476,233,iPWR,1,8.977523148,-44557333.8,-34345646.35,-8855000,-107923.2,-1210264.255,-38500,0,Ethyl Alcohol,133.719285,157.3823607
567,1,SPP_2021_HubAVG.csv,1005476,233,HTGR,1,8.977523148,-129888845.3,-99121276.32,-26896000,0,-3789568.992,-82000,0,Ethyl Alcohol,389.8043719,458.7844774
568,2,SPP_2021_HubAVG.csv,1005476,233,iMSR,1,8.977523148,-61277844.35,-46484735.72,-11985000,-123516,-2614092.624,-70500,0,Ethyl Alcohol,183.8985601,216.4414021
569,3,SPP_2021_HubAVG.csv,1005476,233,Microreactor,1,8.977523148,-7660649.708,-5886288.708,-1771011,0,0,-3350,0,Ethyl Alcohol,22.99007849,27.05842187
570,4,SPP_2021_HubAVG.csv,1005476,233,PBR-HTGR,1,8.977523148,-41193082.69,-29455942.21,-8000000,0,-3697140.48,-40000,0,Ethyl Alcohol,123.6229615,145.4993835
572,1,SPP_2021_HubAVG.csv,1002148,450,HTGR,1,23.94405914,-129888845.3,-99121276.32,-26896000,0,-3789568.992,-82000,0,Ethyl Alcohol,131.4014175,172.0154566
573,2,SPP_2021_HubAVG.csv,1002148,450,iMSR,1,23.94405914,-61277844.35,-46484735.72,-11985000,-123516,-2614092.624,-70500,0,Ethyl Alcohol,61.99143268,81.15197535
574,3,SPP_2021_HubAVG.csv,1002148,450,Microreactor,2,23.94405914,-15334699.42,-11772577.42,-3542022,0,0,-20100,0,Ethyl Alcohol,15.51327395,20.30817439
575,4,SPP_2021_HubAVG.csv,1002148,450,PBR-HTGR,1,23.94405914,-41193082.69,-29455942.21,-8000000,0,-3697140.48,-40000,0,Ethyl Alcohol,41.67278141,54.55315974
576,0,SPP_2021_HubAVG.csv,1002148,233,iPWR,1,10.87030906,-44557333.8,-34345646.35,-8855000,-107923.2,-1210264.255,-38500,0,Ethyl Alcohol,110.4354963,129.9782535
577,1,SPP_2021_HubAVG.csv,1002148,233,HTGR,1,10.87030906,-129888845.3,-99121276.32,-26896000,0,-3789568.992,-82000,0,Ethyl Alcohol,321.9299242,378.898911
578,2,SPP_2021_HubAVG.csv,1002148,233,iMSR,1,10.87030906,-61277844.35,-46484735.72,-11985000,-123516,-2614092.624,-70500,0,Ethyl Alcohol,151.8773359,178.7536754
579,3,SPP_2021_HubAVG.csv,1002148,233,Microreactor,1,10.87030906,-7660649.708,-5886288.708,-1771011,0,0,-3350,0,Ethyl Alcohol,18.98694514,22.34689072
580,4,SPP_2021_HubAVG.csv,1002148,233,PBR-HTGR,1,10.87030906,-41193082.69,-29455942.21,-8000000,0,-3697140.48,-40000,0,Ethyl Alcohol,102.097189,120.1643924
582,1,SPP_2021_HubAVG.csv,1006662,450,HTGR,1,19.47137459,-129888845.3,-99121276.32,-26896000,0,-3789568.992,-82000,0,Ethyl Alcohol,161.5850642,211.5283771
583,2,SPP_2021_HubAVG.csv,1006662,450,iMSR,1,19.47137459,-61277844.35,-46484735.72,-11985000,-123516,-2614092.624,-70500,0,Ethyl Alcohol,76.23121439,99.79304178
584,3,SPP_2021_HubAVG.csv,1006662,450,Microreactor,2,19.47137459,-15338049.42,-11772577.42,-3542022,0,0,-23450,0,Ethyl Alcohol,19.08092796,24.97853217
585,4,SPP_2021_HubAVG.csv,1006662,450,PBR-HTGR,1,19.47137459,-41193082.69,-29455942.21,-8000000,0,-3697140.48,-40000,0,Ethyl Alcohol,51.24525433,67.0843282
586,0,SPP_2021_HubAVG.csv,1006662,233,iPWR,1,8.839765151,-44557333.8,-34345646.35,-8855000,-107923.2,-1210264.255,-38500,0,Ethyl Alcohol,135.8031526,159.8349913
587,1,SPP_2021_HubAVG.csv,1006662,233,HTGR,1,8.839765151,-129888845.3,-99121276.32,-26896000,0,-3789568.992,-82000,0,Ethyl Alcohol,395.8790434,465.9341278
588,2,SPP_2021_HubAVG.csv,1006662,233,iMSR,1,8.839765151,-61277844.35,-46484735.72,-11985000,-123516,-2614092.624,-70500,0,Ethyl Alcohol,186.7644165,219.8144028
589,3,SPP_2021_HubAVG.csv,1006662,233,Microreactor,1,8.839765151,-7660649.708,-5886288.708,-1771011,0,0,-3350,0,Ethyl Alcohol,23.34835352,27.48009755
590,4,SPP_2021_HubAVG.csv,1006662,233,PBR-HTGR,1,8.839765151,-41193082.69,-29455942.21,-8000000,0,-3697140.48,-40000,0,Ethyl Alcohol,125.5494891,147.766831
592,1,SPP_2021_HubAVG.csv,1004039,450,HTGR,1,21.74667868,-129888845.3,-99121276.32,-26896000,0,-3789568.992,-82000,0,Ethyl Alcohol,144.6787971,189.396658
593,2,SPP_2021_HubAVG.csv,1004039,450,iMSR,1,21.74667868,-61277844.35,-46484735.72,-11985000,-123516,-2614092.624,-70500,0,Ethyl Alcohol,68.25532084,89.35192936
594,3,SPP_2021_HubAVG.csv,1004039,450,Microreactor,2,21.74667868,-15324649.42,-11772577.42,-3542022,0,0,-10050,0,Ethyl Alcohol,17.06960931,22.34554767
595,4,SPP_2021_HubAVG.csv,1004039,450,PBR-HTGR,1,21.74667868,-41193082.69,-29455942.21,-8000000,0,-3697140.48,-40000,0,Ethyl Alcohol,45.8835833,60.06545194
596,0,SPP_2021_HubAVG.csv,1004039,233,iPWR,1,9.872725291,-44557333.8,-34345646.35,-8855000,-107923.2,-1210264.255,-38500,0,Ethyl Alcohol,121.5943866,143.1118303
597,1,SPP_2021_HubAVG.csv,1004039,233,HTGR,1,9.872725291,-129888845.3,-99121276.32,-26896000,0,-3789568.992,-82000,0,Ethyl Alcohol,354.4591457,417.1845306
598,2,SPP_2021_HubAVG.csv,1004039,233,iMSR,1,9.872725291,-61277844.35,-46484735.72,-11985000,-123516,-2614092.624,-70500,0,Ethyl Alcohol,167.2236927,196.8157363
599,3,SPP_2021_HubAVG.csv,1004039,233,Microreactor,1,9.872725291,-7660649.708,-5886288.708,-1771011,0,0,-3350,0,Ethyl Alcohol,20.90546994,24.60491927
600,4,SPP_2021_HubAVG.csv,1004039,233,PBR-HTGR,1,9.872725291,-41193082.69,-29455942.21,-8000000,0,-3697140.48,-40000,0,Ethyl Alcohol,112.4135399,132.3063333
602,1,SPP_2021_HubAVG.csv,1006030,450,HTGR,1,35.62476246,-129986205.6,-99121276.32,-26896000,0,-3886929.328,-82000,0,Ethyl Alcohol,88.38351316,115.7014183
603,2,SPP_2021_HubAVG.csv,1006030,450,iMSR,1,35.62476246,-61565567.78,-46484735.72,-11985000,-136497.5662,-2888834.49,-70500,0,Ethyl Alcohol,41.86122014,54.79984182
604,3,SPP_2021_HubAVG.csv,1006030,450,Microreactor,2,35.62476246,-15321299.42,-11772577.42,-3542022,0,0,-6700,0,Ethyl Alcohol,10.41764595,13.63757072
605,4,SPP_2021_HubAVG.csv,1006030,450,PBR-HTGR,1,35.62476246,-41193082.69,-29455942.21,-8000000,0,-3697140.48,-40000,0,Ethyl Alcohol,28.0090441,36.66618366
606,0,SPP_2021_HubAVG.csv,1006030,233,iPWR,1,16.17320504,-44557333.8,-34345646.35,-8855000,-107923.2,-1210264.255,-38500,0,Ethyl Alcohol,74.22573156,87.36077868
607,1,SPP_2021_HubAVG.csv,1006030,233,HTGR,1,16.17320504,-129888845.3,-99121276.32,-26896000,0,-3789568.992,-82000,0,Ethyl Alcohol,216.3750328,254.6649384
608,2,SPP_2021_HubAVG.csv,1006030,233,iMSR,1,16.17320504,-61277844.35,-46484735.72,-11985000,-123516,-2614092.624,-70500,0,Ethyl Alcohol,102.0795554,120.1436383
609,3,SPP_2021_HubAVG.csv,1006030,233,Microreactor,1,16.17320504,-7660649.708,-5886288.708,-1771011,0,0,-3350,0,Ethyl Alcohol,12.76147562,15.01975694
610,4,SPP_2021_HubAVG.csv,1006030,233,PBR-HTGR,1,16.17320504,-41193082.69,-29455942.21,-8000000,0,-3697140.48,-40000,0,Ethyl Alcohol,68.62140162,80.76470185
612,1,SPP_2021_HubAVG.csv,1002349,450,HTGR,1,19.66065308,-129888845.3,-99121276.32,-26896000,0,-3789568.992,-82000,0,Ethyl Alcohol,160.0294406,209.4919355
613,2,SPP_2021_HubAVG.csv,1002349,450,iMSR,1,19.66065308,-61277844.35,-46484735.72,-11985000,-123516,-2614092.624,-70500,0,Ethyl Alcohol,75.49731562,98.83230684
614,3,SPP_2021_HubAVG.csv,1002349,450,Microreactor,2,19.66065308,-15324649.42,-11772577.42,-3542022,0,0,-10050,0,Ethyl Alcohol,18.88072118,24.71644474
615,4,SPP_2021_HubAVG.csv,1002349,450,PBR-HTGR,1,19.66065308,-41193082.69,-29455942.21,-8000000,0,-3697140.48,-40000,0,Ethyl Alcohol,50.75190223,66.43848901
616,0,SPP_2021_HubAVG.csv,1002349,233,iPWR,1,8.925695262,-44557333.8,-34345646.35,-8855000,-107923.2,-1210264.255,-38500,0,Ethyl Alcohol,134.4957385,158.2962161
617,1,SPP_2021_HubAVG.csv,1002349,233,HTGR,1,8.925695262,-129888845.3,-99121276.32,-26896000,0,-3789568.992,-82000,0,Ethyl Alcohol,392.0678075,461.4484525
618,2,SPP_2021_HubAVG.csv,1002349,233,iMSR,1,8.925695262,-61277844.35,-46484735.72,-11985000,-123516,-2614092.624,-70500,0,Ethyl Alcohol,184.9663843,217.6981894
619,3,SPP_2021_HubAVG.csv,1002349,233,Microreactor,1,8.925695262,-7660649.708,-5886288.708,-1771011,0,0,-3350,0,Ethyl Alcohol,23.12357253,27.21553914
620,4,SPP_2021_HubAVG.csv,1002349,233,PBR-HTGR,1,8.925695262,-41193082.69,-29455942.21,-8000000,0,-3697140.48,-40000,0,Ethyl Alcohol,124.3407898,146.3442393
622,1,SPP_2021_HubAVG.csv,1011656,450,HTGR,1,21.8321553,-129888845.3,-99121276.32,-26896000,0,-3789568.992,-82000,0,Ethyl Alcohol,144.1123549,188.6551378
623,2,SPP_2021_HubAVG.csv,1011656,450,iMSR,1,21.8321553,-61277844.35,-46484735.72,-11985000,-123516,-2614092.624,-70500,0,Ethyl Alcohol,67.9880896,89.0021013
624,3,SPP_2021_HubAVG.csv,1011656,450,Microreactor,2,21.8321553,-15324649.42,-11772577.42,-3542022,0,0,-10050,0,Ethyl Alcohol,17.00277888,22.25806104
625,4,SPP_2021_HubAVG.csv,1011656,450,PBR-HTGR,1,21.8321553,-41193082.69,-29455942.21,-8000000,0,-3697140.48,-40000,0,Ethyl Alcohol,45.70394123,59.83028544
626,0,SPP_2021_HubAVG.csv,1011656,233,iPWR,1,9.911530627,-44557333.8,-34345646.35,-8855000,-107923.2,-1210264.255,-38500,0,Ethyl Alcohol,121.1183238,142.551523
627,1,SPP_2021_HubAVG.csv,1011656,233,HTGR,1,9.911530627,-129888845.3,-99121276.32,-26896000,0,-3789568.992,-82000,0,Ethyl Alcohol,353.0713776,415.5511818
628,2,SPP_2021_HubAVG.csv,1011656,233,iMSR,1,9.911530627,-61277844.35,-46484735.72,-11985000,-123516,-2614092.624,-70500,0,Ethyl Alcohol,166.5689834,196.0451691
629,3,SPP_2021_HubAVG.csv,1011656,233,Microreactor,1,9.911530627,-7660649.708,-5886288.708,-1771011,0,0,-3350,0,Ethyl Alcohol,20.82362145,24.5085868
630,4,SPP_2021_HubAVG.csv,1011656,233,PBR-HTGR,1,9.911530627,-41193082.69,-29455942.21,-8000000,0,-3697140.48,-40000,0,Ethyl Alcohol,111.9734217,131.7883314
632,1,SPP_2021_HubAVG.csv,1006672,450,HTGR,1,42.68976988,-130347897.7,-99121276.32,-26896000,0,-4248621.376,-82000,0,Ethyl Alcohol,73.96158137,96.82190213
633,2,SPP_2021_HubAVG.csv,1006672,450,iMSR,1,42.68976988,-61890371.26,-46484735.72,-11985000,-151152.1178,-3198983.422,-70500,0,Ethyl Alcohol,35.11763374,45.97192264
634,3,SPP_2021_HubAVG.csv,1006672,450,Microreactor,3,42.68976988,-22985299.13,-17658866.13,-5313033,0,0,-13400,0,Ethyl Alcohol,13.04224388,17.07338915
635,4,SPP_2021_HubAVG.csv,1006672,450,PBR-HTGR,1,42.68976988,-41193082.69,-29455942.21,-8000000,0,-3697140.48,-40000,0,Ethyl Alcohol,23.37364538,30.59805867
636,0,SPP_2021_HubAVG.csv,1006672,233,iPWR,1,19.38063173,-44557333.8,-34345646.35,-8855000,-107923.2,-1210264.255,-38500,0,Ethyl Alcohol,61.94163291,72.90287572
637,1,SPP_2021_HubAVG.csv,1006672,233,HTGR,1,19.38063173,-129888845.3,-99121276.32,-26896000,0,-3789568.992,-82000,0,Ethyl Alcohol,180.5657226,212.5187829
638,2,SPP_2021_HubAVG.csv,1006672,233,iMSR,1,19.38063173,-61277844.35,-46484735.72,-11985000,-123516,-2614092.624,-70500,0,Ethyl Alcohol,85.18574645,100.2602869
639,3,SPP_2021_HubAVG.csv,1006672,233,Microreactor,2,19.38063173,-15327999.42,-11772577.42,-3542022,0,0,-13400,0,Ethyl Alcohol,21.30830622,25.07904179
640,4,SPP_2021_HubAVG.csv,1006672,233,PBR-HTGR,1,19.38063173,-41193082.69,-29455942.21,-8000000,0,-3697140.48,-40000,0,Ethyl Alcohol,57.26479995,67.39842652
642,1,SPP_2021_HubAVG.csv,1004103,450,HTGR,1,6.855670202,-129888845.3,-99121276.32,-26896000,0,-3789568.992,-82000,0,Ethyl Alcohol,458.9315443,600.7798135
643,2,SPP_2021_HubAVG.csv,1004103,450,iMSR,1,6.855670202,-61277844.35,-46484735.72,-11985000,-123516,-2614092.624,-70500,0,Ethyl Alcohol,216.510784,283.4307427
644,3,SPP_2021_HubAVG.csv,1004103,450,Microreactor,1,6.855670202,-7660649.708,-5886288.708,-1771011,0,0,-3350,0,Ethyl Alcohol,27.06709566,35.43309429
645,4,SPP_2021_HubAVG.csv,1004103,450,PBR-HTGR,1,6.855670202,-41193082.69,-29455942.21,-8000000,0,-3697140.48,-40000,0,Ethyl Alcohol,145.5460244,190.5319312
646,0,SPP_2021_HubAVG.csv,1004103,233,iPWR,1,3.112390153,-44557333.8,-34345646.35,-8855000,-107923.2,-1210264.255,-38500,0,Ethyl Alcohol,385.7061348,453.9610128
647,1,SPP_2021_HubAVG.csv,1004103,233,HTGR,1,3.112390153,-129888845.3,-99121276.32,-26896000,0,-3789568.992,-82000,0,Ethyl Alcohol,1124.369889,1323.339319
648,2,SPP_2021_HubAVG.csv,1004103,233,iMSR,1,3.112390153,-61277844.35,-46484735.72,-11985000,-123516,-2614092.624,-70500,0,Ethyl Alcohol,530.4455737,624.3136631
649,3,SPP_2021_HubAVG.csv,1004103,233,Microreactor,1,3.112390153,-7660649.708,-5886288.708,-1771011,0,0,-3350,0,Ethyl Alcohol,66.31365337,78.04857256
650,4,SPP_2021_HubAVG.csv,1004103,233,PBR-HTGR,1,3.112390153,-41193082.69,-29455942.21,-8000000,0,-3697140.48,-40000,0,Ethyl Alcohol,356.5838292,419.6851998
652,1,SPP_2021_HubAVG.csv,1001677,450,HTGR,1,24.16978179,-129888845.3,-99121276.32,-26896000,0,-3789568.992,-82000,0,Ethyl Alcohol,130.174254,170.4089967
653,2,SPP_2021_HubAVG.csv,1001677,450,iMSR,1,24.16978179,-61277844.35,-46484735.72,-11985000,-123516,-2614092.624,-70500,0,Ethyl Alcohol,61.41249199,80.39409351
654,3,SPP_2021_HubAVG.csv,1001677,450,Microreactor,2,24.16978179,-15321299.42,-11772577.42,-3542022,0,0,-6700,0,Ethyl Alcohol,15.35496537,20.10093519
655,4,SPP_2021_HubAVG.csv,1001677,450,PBR-HTGR,1,24.16978179,-41193082.69,-29455942.21,-8000000,0,-3697140.48,-40000,0,Ethyl Alcohol,41.28359748,54.0436854
656,0,SPP_2021_HubAVG.csv,1001677,233,iPWR,1,10.97278437,-44557333.8,-34345646.35,-8855000,-107923.2,-1210264.255,-38500,0,Ethyl Alcohol,109.4041344,128.7643809
657,1,SPP_2021_HubAVG.csv,1001677,233,HTGR,1,10.97278437,-129888845.3,-99121276.32,-26896000,0,-3789568.992,-82000,0,Ethyl Alcohol,318.9234067,375.3603576
658,2,SPP_2021_HubAVG.csv,1001677,233,iMSR,1,10.97278437,-61277844.35,-46484735.72,-11985000,-123516,-2614092.624,-70500,0,Ethyl Alcohol,150.4589468,177.0842871
659,3,SPP_2021_HubAVG.csv,1001677,233,Microreactor,1,10.97278437,-7660649.708,-5886288.708,-1771011,0,0,-3350,0,Ethyl Alcohol,18.80962523,22.13819214
660,4,SPP_2021_HubAVG.csv,1001677,233,PBR-HTGR,1,10.97278437,-41193082.69,-29455942.21,-8000000,0,-3697140.48,-40000,0,Ethyl Alcohol,101.1436989,119.0421719
662,1,SPP_2021_HubAVG.csv,1004792,450,HTGR,1,20.01655112,-129888845.3,-99121276.32,-26896000,0,-3789568.992,-82000,0,Ethyl Alcohol,157.184087,205.7671295
663,2,SPP_2021_HubAVG.csv,1004792,450,iMSR,1,20.01655112,-61277844.35,-46484735.72,-11985000,-123516,-2614092.624,-70500,0,Ethyl Alcohol,74.15495915,97.07504984
664,3,SPP_2021_HubAVG.csv,1004792,450,Microreactor,2,20.01655112,-15324649.42,-11772577.42,-3542022,0,0,-10050,0,Ethyl Alcohol,18.54501841,24.2769817
665,4,SPP_2021_HubAVG.csv,1004792,450,PBR-HTGR,1,20.01655112,-41193082.69,-29455942.21,-8000000,0,-3697140.48,-40000,0,Ethyl Alcohol,49.84952387,65.25720018
666,0,SPP_2021_HubAVG.csv,1004792,233,iPWR,1,9.087268606,-44557333.8,-34345646.35,-8855000,-107923.2,-1210264.255,-38500,0,Ethyl Alcohol,132.104379,155.4816796
667,1,SPP_2021_HubAVG.csv,1004792,233,HTGR,1,9.087268606,-129888845.3,-99121276.32,-26896000,0,-3789568.992,-82000,0,Ethyl Alcohol,385.0967682,453.2438122
668,2,SPP_2021_HubAVG.csv,1004792,233,iMSR,1,9.087268606,-61277844.35,-46484735.72,-11985000,-123516,-2614092.624,-70500,0,Ethyl Alcohol,181.6776473,213.8274746
669,3,SPP_2021_HubAVG.csv,1004792,233,Microreactor,1,9.087268606,-7660649.708,-5886288.708,-1771011,0,0,-3350,0,Ethyl Alcohol,22.71243106,26.73164173
670,4,SPP_2021_HubAVG.csv,1004792,233,PBR-HTGR,1,9.087268606,-41193082.69,-29455942.21,-8000000,0,-3697140.48,-40000,0,Ethyl Alcohol,122.1299872,143.7422112
672,1,SPP_2021_HubAVG.csv,1006552,450,HTGR,1,21.65364909,-129888845.3,-99121276.32,-26896000,0,-3789568.992,-82000,0,Ethyl Alcohol,145.3003741,190.2103543
673,2,SPP_2021_HubAVG.csv,1006552,450,iMSR,1,21.65364909,-61277844.35,-46484735.72,-11985000,-123516,-2614092.624,-70500,0,Ethyl Alcohol,68.54856308,89.73580801
674,3,SPP_2021_HubAVG.csv,1006552,450,Microreactor,2,21.65364909,-15324649.42,-11772577.42,-3542022,0,0,-10050,0,Ethyl Alcohol,17.1429447,22.44154984
675,4,SPP_2021_HubAVG.csv,1006552,450,PBR-HTGR,1,21.65364909,-41193082.69,-29455942.21,-8000000,0,-3697140.48,-40000,0,Ethyl Alcohol,46.08071086,60.32350843
676,0,SPP_2021_HubAVG.csv,1006552,233,iPWR,1,9.830490998,-44557333.8,-34345646.35,-8855000,-107923.2,-1210264.255,-38500,0,Ethyl Alcohol,122.1167871,143.7266752
677,1,SPP_2021_HubAVG.csv,1006552,233,HTGR,1,9.830490998,-129888845.3,-99121276.32,-26896000,0,-3789568.992,-82000,0,Ethyl Alcohol,355.9819924,418.9768615
678,2,SPP_2021_HubAVG.csv,1006552,233,iMSR,1,9.830490998,-61277844.35,-46484735.72,-11985000,-123516,-2614092.624,-70500,0,Ethyl Alcohol,167.9421283,197.6613068
679,3,SPP_2021_HubAVG.csv,1006552,233,Microreactor,1,9.830490998,-7660649.708,-5886288.708,-1771011,0,0,-3350,0,Ethyl Alcohol,20.99528516,24.71062826
680,4,SPP_2021_HubAVG.csv,1006552,233,PBR-HTGR,1,9.830490998,-41193082.69,-29455942.21,-8000000,0,-3697140.48,-40000,0,Ethyl Alcohol,112.8964971,132.874755
682,1,SPP_2021_HubAVG.csv,1000405,450,HTGR,1,19.52214051,-129888845.3,-99121276.32,-26896000,0,-3789568.992,-82000,0,Ethyl Alcohol,161.1648738,210.9783127
683,2,SPP_2021_HubAVG.csv,1000405,450,iMSR,1,19.52214051,-61277844.35,-46484735.72,-11985000,-123516,-2614092.624,-70500,0,Ethyl Alcohol,76.03298058,99.53353712
684,3,SPP_2021_HubAVG.csv,1000405,450,Microreactor,2,19.52214051,-15338049.42,-11772577.42,-3542022,0,0,-23450,0,Ethyl Alcohol,19.03130937,24.91357728
685,4,SPP_2021_HubAVG.csv,1000405,450,PBR-HTGR,1,19.52214051,-41193082.69,-29455942.21,-8000000,0,-3697140.48,-40000,0,Ethyl Alcohol,51.11199472,66.90988022
686,0,SPP_2021_HubAVG.csv,1000405,233,iPWR,1,8.862812259,-44557333.8,-34345646.35,-8855000,-107923.2,-1210264.255,-38500,0,Ethyl Alcohol,135.4500063,159.4193519
687,1,SPP_2021_HubAVG.csv,1000405,233,HTGR,1,8.862812259,-129888845.3,-99121276.32,-26896000,0,-3789568.992,-82000,0,Ethyl Alcohol,394.8495884,464.7224995
688,2,SPP_2021_HubAVG.csv,1000405,233,iMSR,1,8.862812259,-61277844.35,-46484735.72,-11985000,-123516,-2614092.624,-70500,0,Ethyl Alcohol,186.278749,219.2427912
689,3,SPP_2021_HubAVG.csv,1000405,233,Microreactor,1,8.862812259,-7660649.708,-5886288.708,-1771011,0,0,-3350,0,Ethyl Alcohol,23.2876378,27.40863753
690,4,SPP_2021_HubAVG.csv,1000405,233,PBR-HTGR,1,8.862812259,-41193082.69,-29455942.21,-8000000,0,-3697140.48,-40000,0,Ethyl Alcohol,125.2230067,147.382574
692,1,SPP_2021_HubAVG.csv,1002074,450,HTGR,1,17.57589432,-129888845.3,-99121276.32,-26896000,0,-3789568.992,-82000,0,Ethyl Alcohol,179.0112784,234.3407504
693,2,SPP_2021_HubAVG.csv,1002074,450,iMSR,1,17.57589432,-61277844.35,-46484735.72,-11985000,-123516,-2614092.624,-70500,0,Ethyl Alcohol,84.45240414,110.5552674
694,3,SPP_2021_HubAVG.csv,1002074,450,Microreactor,1,17.57589432,-7660649.708,-5886288.708,-1771011,0,0,-3350,0,Ethyl Alcohol,10.5578173,13.82106675
695,4,SPP_2021_HubAVG.csv,1002074,450,PBR-HTGR,1,17.57589432,-41193082.69,-29455942.21,-8000000,0,-3697140.48,-40000,0,Ethyl Alcohol,56.77182192,74.31906788
696,0,SPP_2021_HubAVG.csv,1002074,233,iPWR,1,7.974599197,-44557333.8,-34345646.35,-8855000,-107923.2,-1210264.255,-38500,0,Ethyl Alcohol,150.5364654,177.1755233
697,1,SPP_2021_HubAVG.csv,1002074,233,HTGR,1,7.974599197,-129888845.3,-99121276.32,-26896000,0,-3789568.992,-82000,0,Ethyl Alcohol,438.8280446,516.4834199
698,2,SPP_2021_HubAVG.csv,1002074,233,iMSR,1,7.974599197,-61277844.35,-46484735.72,-11985000,-123516,-2614092.624,-70500,0,Ethyl Alcohol,207.0265275,243.6621138
700,4,SPP_2021_HubAVG.csv,1002074,233,PBR-HTGR,1,7.974599197,-41193082.69,-29455942.21,-8000000,0,-3697140.48,-40000,0,Ethyl Alcohol,139.1703798,163.7980858
702,1,SPP_2021_HubAVG.csv,1002073,450,HTGR,1,66.12883993,-131410113.7,-99121276.32,-26896000,0,-5310837.339,-82000,0,Ethyl Alcohol,48.13531938,63.01316299
703,2,SPP_2021_HubAVG.csv,1002073,450,iMSR,1,66.12883993,-61701618.5,-46484735.72,-11985000,-142635.9311,-3018746.845,-70500,0,Ethyl Alcohol,22.60120648,29.58687148
704,3,SPP_2021_HubAVG.csv,1002073,450,Microreactor,4,66.12883993,-30645948.83,-23545154.83,-7084044,0,0,-16750,0,Ethyl Alcohol,11.22556319,14.69520203
705,4,SPP_2021_HubAVG.csv,1002073,450,PBR-HTGR,1,66.12883993,-41534275.57,-29455942.21,-8000000,0,-4038333.362,-40000,0,Ethyl Alcohol,15.21394027,19.91632153
706,0,SPP_2021_HubAVG.csv,1002073,233,iPWR,1,30.00613553,-44704200.52,-34345646.35,-8855000,-119947.5341,-1345106.641,-38500,0,Ethyl Alcohol,40.13928658,47.24236808
707,1,SPP_2021_HubAVG.csv,1002073,233,HTGR,1,30.00613553,-129888845.3,-99121276.32,-26896000,0,-3789568.992,-82000,0,Ethyl Alcohol,116.6254071,137.2635361
708,2,SPP_2021_HubAVG.csv,1002073,233,iMSR,1,30.00613553,-61328769.83,-46484735.72,-11985000,-125813.6668,-2662720.443,-70500,0,Ethyl Alcohol,55.06625864,64.81082951
709,3,SPP_2021_HubAVG.csv,1002073,233,Microreactor,2,30.00613553,-15321299.42,-11772577.42,-3542022,0,0,-6700,0,Ethyl Alcohol,13.75678395,16.19119586
710,4,SPP_2021_HubAVG.csv,1002073,233,PBR-HTGR,1,30.00613553,-41193082.69,-29455942.21,-8000000,0,-3697140.48,-40000,0,Ethyl Alcohol,36.98670219,43.53189974
712,1,SPP_2021_HubAVG.csv,1006936,450,HTGR,1,21.13146168,-129888845.3,-99121276.32,-26896000,0,-3789568.992,-82000,0,Ethyl Alcohol,148.8909457,194.9107131
713,2,SPP_2021_HubAVG.csv,1006936,450,iMSR,1,21.13146168,-61277844.35,-46484735.72,-11985000,-123516,-2614092.624,-70500,0,Ethyl Alcohol,70.24249211,91.95330293
714,3,SPP_2021_HubAVG.csv,1006936,450,Microreactor,2,21.13146168,-15324649.42,-11772577.42,-3542022,0,0,-10050,0,Ethyl Alcohol,17.56657039,22.99611132
715,4,SPP_2021_HubAVG.csv,1006936,450,PBR-HTGR,1,21.13146168,-41193082.69,-29455942.21,-8000000,0,-3697140.48,-40000,0,Ethyl Alcohol,47.21942844,61.81418507
716,0,SPP_2021_HubAVG.csv,1006936,233,iPWR,1,9.593424322,-44557333.8,-34345646.35,-8855000,-107923.2,-1210264.255,-38500,0,Ethyl Alcohol,125.1344604,147.2783585
717,1,SPP_2021_HubAVG.csv,1006936,233,HTGR,1,9.593424322,-129888845.3,-99121276.32,-26896000,0,-3789568.992,-82000,0,Ethyl Alcohol,364.7787958,429.3303546
718,2,SPP_2021_HubAVG.csv,1006936,233,iMSR,1,9.593424322,-61277844.35,-46484735.72,-11985000,-123516,-2614092.624,-70500,0,Ethyl Alcohol,172.0922087,202.5457889
719,3,SPP_2021_HubAVG.csv,1006936,233,Microreactor,1,9.593424322,-7660649.708,-5886288.708,-1771011,0,0,-3350,0,Ethyl Alcohol,21.51410746,25.32126179
720,4,SPP_2021_HubAVG.csv,1006936,233,PBR-HTGR,1,9.593424322,-41193082.69,-29455942.21,-8000000,0,-3697140.48,-40000,0,Ethyl Alcohol,115.6863244,136.1582725
722,1,SPP_2021_HubAVG.csv,1006203,450,HTGR,1,48.17756662,-130647758.1,-99121276.32,-26896000,0,-4548481.802,-82000,0,Ethyl Alcohol,65.68755122,85.99050396
723,2,SPP_2021_HubAVG.csv,1006203,450,iMSR,1,48.17756662,-62143310.1,-46484735.72,-11985000,-162564.2655,-3440510.115,-70500,0,Ethyl Alcohol,31.24463767,40.90184654
724,3,SPP_2021_HubAVG.csv,1006203,450,Microreactor,3,48.17756662,-22995349.13,-17658866.13,-5313033,0,0,-23450,0,Ethyl Alcohol,11.5616846,15.1352131
725,4,SPP_2021_HubAVG.csv,1006203,450,PBR-HTGR,1,48.17756662,-41193082.69,-29455942.21,-8000000,0,-3697140.48,-40000,0,Ethyl Alcohol,20.71120674,27.11270359
